G文件,环网柜序号,矩形框XML ID,环网柜名称,环网柜类型,类型识别来源,图内文字类型,devref类型,类型交叉校验,柜型校验状态,柜型交叉校验说明,是否智能,智能标识,状态,说明,数据库记录数,数据库是否唯一,环网柜ID,G图设备数,数据库唯一匹配设备数,环网柜设备是否完整,已正确关联设备数,未关联设备数,关联错误设备数,RMU可关联,RMU级关联阻断原因,设备级阻断原因,G图元匹配问题,数据库匹配问题
JED-NTH-ABH.sln.pic.g,1,2000084,33404,3L1T,TEXT_YQ,3L1T,3L1T,YES,PASS,,SMART,SMART,PASS,RMU_MODEL_DATA_VALID,1,YES,3800193660570625960,9,9,YES,9,0,0,YES,,,,
JED-NTH-ABH.sln.pic.g,2,2000046,33388,3L1T,TEXT_YQ,3L1T,3L1T,YES,PASS,,NORMAL,,PASS,RMU_MODEL_DATA_VALID,1,YES,3800193660570578497,9,9,YES,9,0,0,YES,,,,
JED-NTH-ABH.sln.pic.g,3,2000628,33416,2L1T,TEXT_YQ,2L1T,2L1T,YES,PASS,,NORMAL,,PASS,RMU_MODEL_DATA_VALID,1,YES,3800193660570578505,7,7,YES,7,0,0,YES,,,,
JED-NTH-ABH.sln.pic.g,4,2000334,33415,2L1T,TEXT_YQ,2L1T,2L1T,YES,PASS,,SMART,SMR,PASS,RMU_MODEL_DATA_VALID,1,YES,3800193660570625963,7,7,YES,7,0,0,YES,,,,
JED-NTH-ABH.sln.pic.g,5,2000040,24704,2L1T,TEXT_YQ,2L1T,2L1T,YES,PASS,,SMART,SMR,PASS,RMU_MODEL_DATA_VALID,1,YES,3800193660570625910,7,7,YES,7,0,0,YES,,,,
JED-NTH-ABH.sln.pic.g,6,2000087,17483,3L1T,TEXT_YQ,3L1T,3L1T,YES,PASS,,SMART,SMR,PASS,RMU_MODEL_DATA_VALID,1,YES,3800193660570625899,9,9,YES,9,0,0,YES,,,,
JED-NTH-ABH.sln.pic.g,7,2000118,21198,3L1T,TEXT_YQ,3L1T,3L1T,YES,PASS,,NORMAL,,PASS,RMU_MODEL_DATA_VALID,1,YES,3800193660570625902,9,9,YES,9,0,0,YES,,,,
JED-NTH-ABH.sln.pic.g,8,2000047,22545,3L1T,TEXT_YQ,3L1T,3L1T,YES,PASS,,NORMAL,,PASS,RMU_MODEL_DATA_VALID,1,YES,3800193660570625905,9,9,YES,9,0,0,YES,,,,
JED-NTH-ABH.sln.pic.g,9,2000632,40461,2L1T,TEXT_YQ,2L1T,2L1T,YES,PASS,,SMART,SMART,PASS,RMU_MODEL_DATA_VALID,1,YES,3800193660570625986,7,7,YES,7,0,0,YES,,,,
JED-NTH-ABH.sln.pic.g,10,2000578,34661,2L1T,TEXT_YQ,2L1T,2L1T,YES,PASS,,SMART,"SMART, SMR",PASS,RMU_MODEL_DATA_VALID,1,YES,3800193660570625968,7,7,YES,7,0,0,YES,,,,
JED-NTH-ABH.sln.pic.g,11,2000606,40130,2L1T,TEXT_YQ,2L1T,2L1T,YES,PASS,,NORMAL,,PASS,RMU_MODEL_DATA_VALID,1,YES,3800193660570625985,7,7,YES,7,0,0,YES,,,,
JED-NTH-ABH.sln.pic.g,12,2000671,18944,2L1T,TEXT_YQ,2L1T,2L1T,YES,PASS,,NORMAL,,PASS,RMU_MODEL_DATA_VALID,1,YES,3800193660570578437,7,7,YES,7,0,0,YES,,,,
JED-NTH-ABH.sln.pic.g,13,2000014,34716,2L1T,TEXT_YQ,2L1T,2L1T,YES,PASS,,NORMAL,,PASS,RMU_MODEL_DATA_VALID,1,YES,3800193660570578441,7,7,YES,7,0,0,YES,,,,
JED-NTH-ABH.sln.pic.g,14,2000620,42768,2L1T,TEXT_YQ,2L1T,2L1T,YES,PASS,,SMART,SMR,PASS,RMU_MODEL_DATA_VALID,1,YES,3800193660570625990,7,7,YES,7,0,0,YES,,,,
JED-NTH-ABH.sln.pic.g,15,2000543,33345,3L1T,TEXT_YQ,3L1T,3L1T,YES,PASS,,SMART,SMART,PASS,RMU_MODEL_DATA_VALID,1,YES,3800193660570625950,9,9,YES,9,0,0,YES,,,,
JED-NTH-ABH.sln.pic.g,16,2001295,34802,2L1T,TEXT_YQ,2L1T,2L1T,YES,PASS,,SMART,SMART,PASS,RMU_MODEL_DATA_VALID,1,YES,3800193660570625969,7,7,YES,7,0,0,YES,,,,
JED-NTH-ABH.sln.pic.g,17,2001426,29802,2L1T,TEXT_YQ,2L1T,2L1T,YES,PASS,,NORMAL,,PASS,RMU_MODEL_DATA_VALID,1,YES,3800193660570578349,7,7,YES,7,0,0,YES,,,,
JED-NTH-ABH.sln.pic.g,18,2000048,10689,3L1T,TEXT_YQ,3L1T,3L1T,YES,PASS,,SMART,"SMART, SMR",PASS,RMU_MODEL_DATA_VALID,1,YES,3800193660570625890,9,9,YES,9,0,0,YES,,,,
JED-NTH-ABH.sln.pic.g,19,2000535,29796,2L1T,TEXT_YQ,2L1T,2L1T,YES,PASS,,NORMAL,,PASS,RMU_MODEL_DATA_VALID,1,YES,3800193660570578344,7,7,YES,7,0,0,YES,,,,
JED-NTH-ABH.sln.pic.g,20,2000043,43223,3L,TEXT_YQ,3L,3L,YES,PASS,,SMART,SMART,PASS,RMU_MODEL_DATA_VALID,1,YES,3800193660570625991,7,7,YES,7,0,0,YES,,,,
JED-NTH-ABH.sln.pic.g,21,2000027,26727,3L1T,TEXT_YQ,3L1T,3L1T,YES,PASS,,SMART,SMR,PASS,RMU_MODEL_DATA_VALID,1,YES,3800193660570625918,9,9,YES,9,0,0,YES,,,,
JED-NTH-ABH.sln.pic.g,22,2000872,26371,3L1T,TEXT_YQ,3L1T,3L1T,YES,PASS,,SMART,SMART,PASS,RMU_MODEL_DATA_VALID,1,YES,3800193660570625916,9,9,YES,9,0,0,YES,,,,
JED-NTH-ABH.sln.pic.g,23,2000720,19020,2L1T,TEXT_YQ,2L1T,2L1T,YES,PASS,,NORMAL,,PASS,RMU_MODEL_DATA_VALID,1,YES,3800193660570578237,7,7,YES,7,0,0,YES,,,,
JED-NTH-ABH.sln.pic.g,24,2002445,33304,2L1T,TEXT_YQ,2L1T,2L1T,YES,PASS,,SMART,SMART,PASS,RMU_MODEL_DATA_VALID,1,YES,3800193660570578261,7,7,YES,7,0,0,YES,,,,
JED-NTH-ABH.sln.pic.g,25,2002446,26802,2L1T,TEXT_YQ,2L1T,2L1T,YES,PASS,,SMART,SMART,PASS,RMU_MODEL_DATA_VALID,1,YES,3800193660570625920,7,7,YES,7,0,0,YES,,,,
JED-NTH-ABH.sln.pic.g,26,2000618,8664,2L1T,TEXT_YQ,2L1T,2L1T,YES,PASS,,NORMAL,,PASS,RMU_MODEL_DATA_VALID,1,YES,3800193660570578232,7,7,YES,7,0,0,YES,,,,
JED-NTH-ABH.sln.pic.g,27,2000658,33417,2L1T,TEXT_YQ,2L1T,2L1T,YES,PASS,,NORMAL,,PASS,RMU_MODEL_DATA_VALID,1,YES,3800193660570578506,7,7,YES,7,0,0,YES,,,,
JED-NTH-ABH.sln.pic.g,28,2000366,33414,2L1T,TEXT_YQ,2L1T,2L1T,YES,PASS,,NORMAL,,PASS,RMU_MODEL_DATA_VALID,1,YES,3800193660570578503,7,7,YES,7,0,0,YES,,,,
JED-NTH-ABH.sln.pic.g,29,2000815,33346,3L1T,TEXT_YQ,3L1T,3L1T,YES,PASS,,SMART,SMART,PASS,RMU_MODEL_DATA_VALID,1,YES,3800193660570625951,9,9,YES,9,0,0,YES,,,,
JED-NTH-ABH.sln.pic.g,30,2000115,33395,2L1T,TEXT_YQ,2L1T,2L1T,YES,PASS,,NORMAL,,PASS,RMU_MODEL_DATA_VALID,1,YES,3800193660570578498,7,7,YES,7,0,0,YES,,,,
JED-NTH-ABH.sln.pic.g,31,2000186,32979,2L1T,TEXT_YQ,2L1T,2L1T,YES,PASS,,NORMAL,,PASS,RMU_MODEL_DATA_VALID,1,YES,3800193660570578288,7,7,YES,7,0,0,YES,,,,
JED-NTH-ABH.sln.pic.g,32,2000072,25257,2L1T,TEXT_YQ,2L1T,2L1T,YES,PASS,,NORMAL,,PASS,RMU_MODEL_DATA_VALID,1,YES,3800193660570578386,7,7,YES,7,0,0,YES,,,,
JED-NTH-ABH.sln.pic.g,33,2000120,15953,2L1T,TEXT_YQ,2L1T,2L1T,YES,PASS,,SMART,SMART,PASS,RMU_MODEL_DATA_VALID,1,YES,3800193660570625891,7,7,YES,7,0,0,YES,,,,
JED-NTH-ABH.sln.pic.g,34,2000665,33039,2L1T,TEXT_YQ,2L1T,2L1T,YES,PASS,,NORMAL,,PASS,RMU_MODEL_DATA_VALID,1,YES,3800193660570578355,7,7,YES,7,0,0,YES,,,,
JED-NTH-ABH.sln.pic.g,35,2000689,26600,2L1T,TEXT_YQ,2L1T,2L1T,YES,PASS,,SMART,SMART,PASS,RMU_MODEL_DATA_VALID,1,YES,3800193660570625917,7,7,YES,7,0,0,YES,,,,
JED-NTH-ABH.sln.pic.g,36,2002466,36643,2L1T,TEXT_YQ,2L1T,2L1T,YES,PASS,,SMART,SMART,PASS,RMU_MODEL_DATA_VALID,1,YES,3800193660570625974,7,7,YES,7,0,0,YES,,,,
JED-NTH-ABH.sln.pic.g,37,2000109,22521,2L1T,TEXT_YQ,2L1T,2L1T,YES,PASS,,NORMAL,,PASS,RMU_MODEL_DATA_VALID,1,YES,3800193660570578221,7,7,YES,7,0,0,YES,,,,
JED-NTH-ABH.sln.pic.g,38,2000546,34002,2L1T,TEXT_YQ,2L1T,2L1T,YES,PASS,,NORMAL,,PASS,RMU_MODEL_DATA_VALID,1,YES,3800193660570578226,7,7,YES,7,0,0,YES,,,,
JED-NTH-ABH.sln.pic.g,39,2001457,40182,2L1T,TEXT_YQ,2L1T,2L1T,YES,PASS,,NORMAL,,PASS,RMU_MODEL_DATA_VALID,1,YES,3800193660570578364,7,7,YES,7,0,0,YES,,,,
JED-NTH-ABH.sln.pic.g,40,2001327,42445,2L1T,TEXT_YQ,2L1T,2L1T,YES,PASS,,NORMAL,,PASS,RMU_MODEL_DATA_VALID,1,YES,3800193660570578366,7,7,YES,7,0,0,YES,,,,
JED-NTH-ABH.sln.pic.g,41,2000736,35551,2L1T,TEXT_YQ,2L1T,2L1T,YES,PASS,,NORMAL,,PASS,RMU_MODEL_DATA_VALID,1,YES,3800193660570578442,7,7,YES,7,0,0,YES,,,,
JED-NTH-ABH.sln.pic.g,42,2000637,40129,2L1T,TEXT_YQ,2L1T,2L1T,YES,PASS,,NORMAL,,PASS,RMU_MODEL_DATA_VALID,1,YES,3800193660570578448,7,7,YES,7,0,0,YES,,,,
JED-NTH-ABH.sln.pic.g,43,2000650,42767,2L1T,TEXT_YQ,2L1T,2L1T,YES,PASS,,NORMAL,,PASS,RMU_MODEL_DATA_VALID,1,YES,3800193660570578471,7,7,YES,7,0,0,YES,,,,
JED-NTH-ABH.sln.pic.g,44,2000610,33342,2L1T,TEXT_YQ,2L1T,2L1T,YES,PASS,,NORMAL,,PASS,RMU_MODEL_DATA_VALID,1,YES,3800193660570578494,7,7,YES,7,0,0,YES,,,,
JED-NTH-ABH.sln.pic.g,45,2000566,32545,2L1T,TEXT_YQ,2L1T,2L1T,YES,PASS,,NORMAL,,PASS,RMU_MODEL_DATA_VALID,1,YES,3800193660570578352,7,7,YES,7,0,0,YES,,,,
JED-NTH-ABH.sln.pic.g,46,2000080,31241,2L1T,TEXT_YQ,2L1T,2L1T,YES,PASS,,SMART,"SMART, SMR",PASS,RMU_MODEL_DATA_VALID,1,YES,3800193660570625945,7,7,YES,7,0,0,YES,,,,
JED-NTH-ABH.sln.pic.g,47,2000127,30831,3L1T,TEXT_YQ,3L1T,3L1T,YES,PASS,,SMART,SMR,PASS,RMU_MODEL_DATA_VALID,1,YES,3800193660570625932,9,9,YES,9,0,0,YES,,,,
JED-NTH-ABH.sln.pic.g,48,2002459,40423,2L1T,TEXT_YQ,2L1T,2L1T,YES,PASS,,NORMAL,,PASS,RMU_MODEL_DATA_VALID,1,YES,3800193660570578342,7,7,YES,7,0,0,YES,,,,
JED-NTH-ABH.sln.pic.g,49,2000070,28920,2L1T,TEXT_YQ,2L1T,2L1T,YES,PASS,,SMART,SMART,PASS,RMU_MODEL_DATA_VALID,1,YES,3800193660570625923,7,7,YES,7,0,0,YES,,,,
JED-NTH-ABH.sln.pic.g,50,2000332,21453,2L1T,TEXT_YQ,2L1T,2L1T,YES,PASS,,NORMAL,,PASS,RMU_MODEL_DATA_VALID,1,YES,3800193660570578251,7,7,YES,7,0,0,YES,,,,
JED-NTH-ABH.sln.pic.g,51,2000396,33413,2L1T,TEXT_YQ,2L1T,2L1T,YES,PASS,,NORMAL,,PASS,RMU_MODEL_DATA_VALID,1,YES,3800193660570578502,7,7,YES,7,0,0,YES,,,,
JED-NTH-ABH.sln.pic.g,52,2000868,30825,3L1T,TEXT_YQ,3L1T,3L1T,YES,PASS,,SMART,SMART,PASS,RMU_MODEL_DATA_VALID,1,YES,3800193660570625930,9,9,YES,9,0,0,YES,,,,
JED-NTH-ABH.sln.pic.g,53,2000691,33419,2L1T,TEXT_YQ,2L1T,2L1T,YES,PASS,,SMART,SMART,PASS,RMU_MODEL_DATA_VALID,1,YES,3800193660570625964,7,7,YES,7,0,0,YES,,,,
JED-NTH-ABH.sln.pic.g,54,2002476,33403,2L1T,TEXT_YQ,2L1T,2L1T,YES,PASS,,NORMAL,,PASS,RMU_MODEL_DATA_VALID,1,YES,3800193660570578499,7,7,YES,7,0,0,YES,,,,
JED-NTH-ABH.sln.pic.g,55,2000756,19019,2L1T,TEXT_YQ,2L1T,2L1T,YES,PASS,,NORMAL,,PASS,RMU_MODEL_DATA_VALID,1,YES,3800193660570578236,7,7,YES,7,0,0,YES,,,,
JED-NTH-ABH.sln.pic.g,56,2000881,26590,2L1T,TEXT_YQ,2L1T,2L1T,YES,PASS,,NORMAL,,PASS,RMU_MODEL_DATA_VALID,1,YES,3800193660570578253,7,7,YES,7,0,0,YES,,,,
JED-NTH-ABH.sln.pic.g,57,2000916,33347,2L1T,TEXT_YQ,2L1T,2L1T,YES,PASS,,NORMAL,,PASS,RMU_MODEL_DATA_VALID,1,YES,3800193660570578476,7,7,YES,7,0,0,YES,,,,
JED-NTH-ABH.sln.pic.g,58,2000721,36105,2L1T,TEXT_YQ,2L1T,2L1T,YES,PASS,,NORMAL,,PASS,RMU_MODEL_DATA_VALID,1,YES,3800193660570578264,7,7,YES,7,0,0,YES,,,,
JED-NTH-ABH.sln.pic.g,59,2000315,25683,2L1T,TEXT_YQ,2L1T,2L1T,YES,PASS,,SMART,"SMART, SMR",PASS,RMU_MODEL_DATA_VALID,1,YES,3800193660570625913,7,7,YES,7,0,0,YES,,,,
JED-NTH-ABH.sln.pic.g,60,2000830,30866,2L1T,TEXT_YQ,2L1T,2L1T,YES,PASS,,NORMAL,,PASS,RMU_MODEL_DATA_VALID,1,YES,3800193660570578332,7,7,YES,7,0,0,YES,,,,
JED-NTH-ABH.sln.pic.g,61,2001383,33371,2L1T,TEXT_YQ,2L1T,2L1T,YES,PASS,,NORMAL,,PASS,RMU_MODEL_DATA_VALID,1,YES,3800193660570578489,7,7,YES,7,0,0,YES,,,,
JED-NTH-ABH.sln.pic.g,62,2001318,33374,2L1T,TEXT_YQ,2L1T,2L1T,YES,PASS,,NORMAL,,PASS,RMU_MODEL_DATA_VALID,1,YES,3800193660570578491,7,7,YES,7,0,0,YES,,,,
JED-NTH-ABH.sln.pic.g,63,2000081,36645,2L1T,TEXT_YQ,2L1T,2L1T,YES,PASS,,NORMAL,,PASS,RMU_MODEL_DATA_VALID,1,YES,3800193660570578444,7,7,YES,7,0,0,YES,,,,
JED-NTH-ABH.sln.pic.g,64,2000696,39364,2L1T,TEXT_YQ,2L1T,2L1T,YES,PASS,,NORMAL,,PASS,RMU_MODEL_DATA_VALID,1,YES,3800193660570578362,7,7,YES,7,0,0,YES,,,,
JED-NTH-ABH.sln.pic.g,65,2000155,8723,2L1T,TEXT_YQ,2L1T,2L1T,YES,PASS,,NORMAL,,PASS,RMU_MODEL_DATA_VALID,1,YES,3800193660570578250,7,7,YES,7,0,0,YES,,,,
JED-NTH-ABH.sln.pic.g,66,2000593,38111,2L1T,TEXT_YQ,2L1T,2L1T,YES,PASS,,NORMAL,,PASS,RMU_MODEL_DATA_VALID,1,YES,3800193660570578243,7,7,YES,7,0,0,YES,,,,
JED-NTH-ABH.sln.pic.g,67,2000106,25185,2L1T,TEXT_YQ,2L1T,2L1T,YES,PASS,,NORMAL,,PASS,RMU_MODEL_DATA_VALID,1,YES,3800193660570578385,7,7,YES,7,0,0,YES,,,,
JED-NTH-ABH.sln.pic.g,68,2001358,33888,2L1T,TEXT_YQ,2L1T,2L1T,YES,PASS,,NORMAL,,PASS,RMU_MODEL_DATA_VALID,1,YES,3800193660570578358,7,7,YES,7,0,0,YES,,,,
JED-NTH-ABH.sln.pic.g,69,2000484,16782,2L1T,TEXT_YQ,2L1T,2L1T,YES,PASS,,NORMAL,,PASS,RMU_MODEL_DATA_VALID,1,YES,3800193660570578218,7,7,YES,7,0,0,YES,,,,
JED-NTH-ABH.sln.pic.g,70,2000079,40597,2L1T,TEXT_YQ,2L1T,2L1T,YES,PASS,,SMART,"SMART, SMR",PASS,RMU_MODEL_DATA_VALID,1,YES,3800193660570625989,7,7,YES,7,0,0,YES,,,,
JED-NTH-ABH.sln.pic.g,71,2000597,33139,2L1T,TEXT_YQ,2L1T,2L1T,YES,PASS,,NORMAL,,PASS,RMU_MODEL_DATA_VALID,1,YES,3800193660570578356,7,7,YES,7,0,0,YES,,,,
JED-NTH-ABH.sln.pic.g,72,2000574,40123,2L1T,TEXT_YQ,2L1T,2L1T,YES,PASS,,SMART,SMART,PASS,RMU_MODEL_DATA_VALID,1,YES,3800193660570625984,7,7,YES,7,0,0,YES,,,,
JED-NTH-ABH.sln.pic.g,73,2000657,26337,3L1T,TEXT_YQ,3L1T,3L1T,YES,PASS,,SMART,SMART,PASS,RMU_MODEL_DATA_VALID,1,YES,3800193660570625914,9,9,YES,9,0,0,YES,,,,
JED-NTH-ABH.sln.pic.g,74,2001003,43451,2L1T,TEXT_YQ,2L1T,2L1T,YES,PASS,,NORMAL,,PASS,RMU_MODEL_DATA_VALID,1,YES,3800193660570625994,7,7,YES,7,0,0,YES,,,,
JED-NTH-ABH.sln.pic.g,75,2000640,33341,2L1T,TEXT_YQ,2L1T,2L1T,YES,PASS,,NORMAL,,PASS,RMU_MODEL_DATA_VALID,1,YES,3800193660570578493,7,7,YES,7,0,0,YES,,,,
JED-NTH-ABH.sln.pic.g,76,2000111,33493,2L1T,TEXT_YQ,2L1T,2L1T,YES,PASS,,NORMAL,,PASS,RMU_MODEL_DATA_VALID,1,YES,3800193660570578283,7,7,YES,7,0,0,YES,,,,
JED-NTH-ABH.sln.pic.g,77,2000428,33411,2L1T,TEXT_YQ,2L1T,2L1T,YES,PASS,,NORMAL,,PASS,RMU_MODEL_DATA_VALID,1,YES,3800193660570578501,7,7,YES,7,0,0,YES,,,,
JED-NTH-ABH.sln.pic.g,78,2000722,33420,2L1T,TEXT_YQ,2L1T,2L1T,YES,PASS,,NORMAL,,PASS,RMU_MODEL_DATA_VALID,1,YES,3800193660570578508,7,7,YES,7,0,0,YES,,,,
JED-NTH-ABH.sln.pic.g,79,2000441,30869,3L1T,TEXT_YQ,3L1T,3L1T,YES,PASS,,SMART,SMART,PASS,RMU_MODEL_DATA_VALID,1,YES,3800193660570625938,9,9,YES,9,0,0,YES,,,,
JED-NTH-ABH.sln.pic.g,80,2000363,29245,2L1T,TEXT_YQ,2L1T,2L1T,YES,PASS,,NORMAL,,PASS,RMU_MODEL_DATA_VALID,1,YES,3800193660570578259,7,7,YES,7,0,0,YES,,,,
JED-NTH-ABH.sln.pic.g,81,2000327,30881,3L1T,TEXT_YQ,3L1T,3L1T,YES,PASS,,SMART,SMART,PASS,RMU_MODEL_DATA_VALID,1,YES,3800193660570625940,9,9,YES,9,0,0,YES,,,,
JED-NTH-ABH.sln.pic.g,82,2002450,30910,2L1T,TEXT_YQ,2L1T,2L1T,YES,PASS,,NORMAL,,PASS,RMU_MODEL_DATA_VALID,1,YES,3800193660570578318,7,7,YES,7,0,0,YES,,,,
JED-NTH-ABH.sln.pic.g,83,2002448,30903,2L1T,TEXT_YQ,2L1T,2L1T,YES,PASS,,SMART,SMR,PASS,RMU_MODEL_DATA_VALID,1,YES,3800193660570578316,7,7,YES,7,0,0,YES,,,,
JED-NTH-ABH.sln.pic.g,84,2002449,30842,2L1T,TEXT_YQ,2L1T,2L1T,YES,PASS,,NORMAL,,PASS,RMU_MODEL_DATA_VALID,1,YES,3800193660570578298,7,7,YES,7,0,0,YES,,,,
JED-NTH-ABH.sln.pic.g,85,2000178,33402,2L1T,TEXT_YQ,2L1T,2L1T,YES,PASS,,SMART,SMART,PASS,RMU_MODEL_DATA_VALID,1,YES,3800193660570625959,7,7,YES,7,0,0,YES,,,,
JED-NTH-ABH.sln.pic.g,86,2000103,27873,2L1T,TEXT_YQ,2L1T,2L1T,YES,PASS,,NORMAL,,PASS,RMU_MODEL_DATA_VALID,1,YES,3800193660570578257,7,7,YES,7,0,0,YES,,,,
JED-NTH-ABH.sln.pic.g,87,2000799,30852,2L1T,TEXT_YQ,2L1T,2L1T,YES,PASS,,NORMAL,,PASS,RMU_MODEL_DATA_VALID,1,YES,3800193660570578329,7,7,YES,7,0,0,YES,,,,
JED-NTH-ABH.sln.pic.g,88,2000786,26877,2L1T,TEXT_YQ,2L1T,2L1T,YES,PASS,,SMART,SMR,PASS,RMU_MODEL_DATA_VALID,1,YES,3800193660570625921,7,7,YES,7,0,0,YES,,,,
JED-NTH-ABH.sln.pic.g,89,2000985,33370,2L1T,TEXT_YQ,2L1T,2L1T,YES,PASS,,SMART,SMART,PASS,RMU_MODEL_DATA_VALID,1,YES,3800193660570625956,7,7,YES,7,0,0,YES,,,,
JED-NTH-ABH.sln.pic.g,90,2002447,13314,2L1T,TEXT_YQ,2L1T,2L1T,YES,PASS,,NORMAL,,PASS,RMU_MODEL_DATA_VALID,1,YES,3800193660570578284,7,7,YES,7,0,0,YES,,,,
JED-NTH-ABH.sln.pic.g,91,2000787,19917,2L1T,TEXT_YQ,2L1T,2L1T,YES,PASS,,NORMAL,,PASS,RMU_MODEL_DATA_VALID,1,YES,3800193660570625993,7,7,YES,7,0,0,YES,,,,
JED-NTH-ABH.sln.pic.g,92,2000752,38492,2L1T,TEXT_YQ,2L1T,2L1T,YES,PASS,,NORMAL,,PASS,RMU_MODEL_DATA_VALID,1,YES,3800193660570578269,7,7,YES,7,0,0,YES,,,,
JED-NTH-ABH.sln.pic.g,93,2000727,29801,2L1T,TEXT_YQ,2L1T,2L1T,YES,PASS,,NORMAL,,PASS,RMU_MODEL_DATA_VALID,1,YES,3800193660570578348,7,7,YES,7,0,0,YES,,,,
JED-NTH-ABH.sln.pic.g,94,2002475,33372,2L1T,TEXT_YQ,2L1T,2L1T,YES,PASS,,SMART,"SMART, SMR",PASS,RMU_MODEL_DATA_VALID,1,YES,3800193660570625957,7,7,YES,7,0,0,YES,,,,
JED-NTH-ABH.sln.pic.g,95,2001348,33361,2L1T,TEXT_YQ,2L1T,2L1T,YES,PASS,,NORMAL,,PASS,RMU_MODEL_DATA_VALID,1,YES,3800193660570578480,7,7,YES,7,0,0,YES,,,,
JED-NTH-ABH.sln.pic.g,96,2001389,39418,2L1T,TEXT_YQ,2L1T,2L1T,YES,PASS,,NORMAL,,PASS,RMU_MODEL_DATA_VALID,1,YES,3800193660570578363,7,7,YES,7,0,0,YES,,,,
JED-NTH-ABH.sln.pic.g,97,2000187,16934,2L1T,TEXT_YQ,2L1T,2L1T,YES,PASS,,SMART,SMART,PASS,RMU_MODEL_DATA_VALID,1,YES,3800193660570625894,7,7,YES,7,0,0,YES,,,,
JED-NTH-ABH.sln.pic.g,98,2000562,20574,2L1T,TEXT_YQ,2L1T,2L1T,YES,PASS,,NORMAL,,PASS,RMU_MODEL_DATA_VALID,1,YES,3800193660570578238,7,7,YES,7,0,0,YES,,,,
JED-NTH-ABH.sln.pic.g,99,2002467,36644,2L1T,TEXT_YQ,2L1T,2L1T,YES,PASS,,NORMAL,,PASS,RMU_MODEL_DATA_VALID,1,YES,3800193660570578443,7,7,YES,7,0,0,YES,,,,
JED-NTH-ABH.sln.pic.g,100,2000477,38692,2L1T,TEXT_YQ,2L1T,2L1T,YES,PASS,,NORMAL,,PASS,RMU_MODEL_DATA_VALID,1,YES,3800193660570578446,7,7,YES,7,0,0,YES,,,,
JED-NTH-ABH.sln.pic.g,101,2000337,40490,3L1T,TEXT_YQ,3L1T,3L1T,YES,PASS,,SMART,SMART,PASS,RMU_MODEL_DATA_VALID,1,YES,3800193660570625988,9,9,YES,9,0,0,YES,,,,
JED-NTH-ABH.sln.pic.g,102,2000144,17223,2L1T,TEXT_YQ,2L1T,2L1T,YES,PASS,,SMART,SMART,PASS,RMU_MODEL_DATA_VALID,1,YES,3800193660570625895,7,7,YES,7,0,0,YES,,,,
JED-NTH-ABH.sln.pic.g,103,2000453,44294,2L1T,TEXT_YQ,2L1T,2L1T,YES,PASS,,NORMAL,,PASS,RMU_MODEL_DATA_VALID,1,YES,3800193660570578231,7,7,YES,7,0,0,YES,,,,
JED-NTH-ABH.sln.pic.g,104,2000141,17671,2L1T,TEXT_YQ,2L1T,2L1T,YES,PASS,,NORMAL,,PASS,RMU_MODEL_DATA_VALID,1,YES,3800193660570578219,7,7,YES,7,0,0,YES,,,,
JED-NTH-ABH.sln.pic.g,105,2002479,33418,2L1T,TEXT_YQ,2L1T,2L1T,YES,PASS,,NORMAL,,PASS,RMU_MODEL_DATA_VALID,1,YES,3800193660570578507,7,7,YES,7,0,0,YES,,,,
JED-NTH-ABH.sln.pic.g,106,2000466,33412,3L1T,TEXT_YQ,3L1T,3L1T,YES,PASS,,SMART,SMART,PASS,RMU_MODEL_DATA_VALID,1,YES,3800193660570625962,9,9,YES,9,0,0,YES,,,,
JED-NTH-ABH.sln.pic.g,107,2000112,31475,2L1T,TEXT_YQ,2L1T,2L1T,YES,PASS,,NORMAL,,PASS,RMU_MODEL_DATA_VALID,1,YES,3800193660570578341,7,7,YES,7,0,0,YES,,,,
JED-NTH-ABH.sln.pic.g,108,2000209,33409,2L1T,TEXT_YQ,2L1T,2L1T,YES,PASS,,NORMAL,,PASS,RMU_MODEL_DATA_VALID,1,YES,3800193660570578500,7,7,YES,7,0,0,YES,,,,
JED-NTH-ABH.sln.pic.g,109,2000724,37193,2L1T,TEXT_YQ,2L1T,2L1T,YES,PASS,,NORMAL,,PASS,RMU_MODEL_DATA_VALID,1,YES,3800193660570578466,7,7,YES,7,0,0,YES,,,,
JED-NTH-ABH.sln.pic.g,110,2000142,25308,2L1T,TEXT_YQ,2L1T,2L1T,YES,PASS,,NORMAL,,PASS,RMU_MODEL_DATA_VALID,1,YES,3800193660570578280,7,7,YES,7,0,0,YES,,,,
JED-NTH-ABH.sln.pic.g,111,2002473,33340,2L1T,TEXT_YQ,2L1T,2L1T,YES,PASS,,NORMAL,,PASS,RMU_MODEL_DATA_VALID,1,YES,3800193660570578492,7,7,YES,7,0,0,YES,,,,
JED-NTH-ABH.sln.pic.g,112,2000015,25178,3L1T,TEXT_YQ,3L1T,3L1T,YES,PASS,,SMART,SMART,PASS,RMU_MODEL_DATA_VALID,1,YES,3800193660570625912,9,9,YES,9,0,0,YES,,,,
JED-NTH-ABH.sln.pic.g,113,2000372,30815,2L1T,TEXT_YQ,2L1T,2L1T,YES,PASS,,NORMAL,,PASS,RMU_MODEL_DATA_VALID,1,YES,3800193660570578289,7,7,YES,7,0,0,YES,,,,
JED-NTH-ABH.sln.pic.g,114,2000395,35222,2L1T,TEXT_YQ,2L1T,2L1T,YES,PASS,,NORMAL,,PASS,RMU_MODEL_DATA_VALID,1,YES,3800193660570578263,7,7,YES,7,0,0,YES,,,,
JED-NTH-ABH.sln.pic.g,115,2000768,30914,2L1T,TEXT_YQ,2L1T,2L1T,YES,PASS,,NORMAL,,PASS,RMU_MODEL_DATA_VALID,1,YES,3800193660570578340,7,7,YES,7,0,0,YES,,,,
JED-NTH-ABH.sln.pic.g,116,2000136,39531,2L1T,TEXT_YQ,2L1T,2L1T,YES,PASS,,NORMAL,,PASS,RMU_MODEL_DATA_VALID,1,YES,3800193660570578271,7,7,YES,7,0,0,YES,,,,
JED-NTH-ABH.sln.pic.g,117,2000283,16151,2L1T,TEXT_YQ,2L1T,2L1T,YES,PASS,,SMART,"SMART, SMR",PASS,RMU_MODEL_DATA_VALID,1,YES,3800193660570625892,7,7,YES,7,0,0,YES,,,,
JED-NTH-ABH.sln.pic.g,118,2000560,38456,2L1T,TEXT_YQ,2L1T,2L1T,YES,PASS,,SMART,SMART,PASS,RMU_MODEL_DATA_VALID,1,YES,3800193660570625978,7,7,YES,7,0,0,YES,,,,
JED-NTH-ABH.sln.pic.g,119,2000817,43341,2L1T,TEXT_YQ,2L1T,2L1T,YES,PASS,,NORMAL,,PASS,RMU_MODEL_DATA_VALID,1,YES,3800193660570578274,7,7,YES,7,0,0,YES,,,,
JED-NTH-ABH.sln.pic.g,120,2000949,33369,2L1T,TEXT_YQ,2L1T,2L1T,YES,PASS,,NORMAL,,PASS,RMU_MODEL_DATA_VALID,1,YES,3800193660570578487,7,7,YES,7,0,0,YES,,,,
JED-NTH-ABH.sln.pic.g,121,2001250,33362,3L1T,TEXT_YQ,3L1T,3L1T,YES,PASS,,SMART,SMART,PASS,RMU_MODEL_DATA_VALID,1,YES,3800193660570625953,9,9,YES,9,0,0,YES,,,,
JED-NTH-ABH.sln.pic.g,122,2000819,40111,2L1T,TEXT_YQ,2L1T,2L1T,YES,PASS,,SMART,SMART,PASS,RMU_MODEL_DATA_VALID,1,YES,3800193660570625983,7,7,YES,7,0,0,YES,,,,
JED-NTH-ABH.sln.pic.g,123,2001031,33198,3L1T,TEXT_YQ,3L1T,3L1T,YES,PASS,,SMART,SMART,PASS,RMU_MODEL_DATA_VALID,1,YES,3800193660570625947,9,9,YES,9,0,0,YES,,,,
JED-NTH-ABH.sln.pic.g,124,2000762,29799,3L1T,TEXT_YQ,3L1T,3L1T,YES,PASS,,SMART,SMART,PASS,RMU_MODEL_DATA_VALID,1,YES,3800193660570625925,9,9,YES,9,0,0,YES,,,,
JED-NTH-ABH.sln.pic.g,125,2000503,33410,3L1T,TEXT_YQ,3L1T,3L1T,YES,PASS,,SMART,SMART,PASS,RMU_MODEL_DATA_VALID,1,YES,3800193660570625961,9,9,YES,9,0,0,YES,,,,
JED-NTH-ABH.sln.pic.g,126,2000791,33421,3L1T,TEXT_YQ,3L1T,3L1T,YES,PASS,,SMART,SMART,PASS,RMU_MODEL_DATA_VALID,1,YES,3800193660570625965,9,9,YES,9,0,0,YES,,,,
JED-NTH-ABH.sln.pic.g,127,2000145,39503,2L1T,TEXT_YQ,2L1T,2L1T,YES,PASS,,NORMAL,,PASS,RMU_MODEL_DATA_VALID,1,YES,3800193660570578447,7,7,YES,7,0,0,YES,,,,
JED-NTH-ABH.sln.pic.g,128,2000508,30332,2L1T,TEXT_YQ,2L1T,2L1T,YES,PASS,,NORMAL,,PASS,RMU_MODEL_DATA_VALID,1,YES,3800193660570578439,7,7,YES,7,0,0,YES,,,,
JED-NTH-ABH.sln.pic.g,129,2000239,33434,2L1T,TEXT_YQ,2L1T,2L1T,YES,PASS,,NORMAL,,PASS,RMU_MODEL_DATA_VALID,1,YES,3800193660570578513,7,7,YES,7,0,0,YES,,,,
JED-NTH-ABH.sln.pic.g,130,2000218,22333,2L1T,TEXT_YQ,2L1T,2L1T,YES,PASS,,NORMAL,,PASS,RMU_MODEL_DATA_VALID,1,YES,3800193660570578239,7,7,YES,7,0,0,YES,,,,
JED-NTH-ABH.sln.pic.g,131,2000531,39967,2L1T,TEXT_YQ,2L1T,2L1T,YES,PASS,,NORMAL,,PASS,RMU_MODEL_DATA_VALID,1,YES,3800193660570578246,7,7,YES,7,0,0,YES,,,,
JED-NTH-ABH.sln.pic.g,132,2000143,30814,2L1T,TEXT_YQ,2L1T,2L1T,YES,PASS,,SMART,SMR,PASS,RMU_MODEL_DATA_VALID,1,YES,3800193660570625929,7,7,YES,7,0,0,YES,,,,
JED-NTH-ABH.sln.pic.g,133,2000422,16781,2L1T,TEXT_YQ,2L1T,2L1T,YES,PASS,,SMART,"SMART, SMR",PASS,RMU_MODEL_DATA_VALID,1,YES,3800193660570625893,7,7,YES,7,0,0,YES,,,,
JED-NTH-ABH.sln.pic.g,134,2000172,27163,2L1T,TEXT_YQ,2L1T,2L1T,YES,PASS,,NORMAL,,PASS,RMU_MODEL_DATA_VALID,1,YES,3800193660570578224,7,7,YES,7,0,0,YES,,,,
JED-NTH-ABH.sln.pic.g,135,2000177,24898,2L1T,TEXT_YQ,2L1T,2L1T,YES,PASS,,NORMAL,,PASS,RMU_MODEL_DATA_VALID,1,YES,3800193660570578384,7,7,YES,7,0,0,YES,,,,
JED-NTH-ABH.sln.pic.g,136,2002461,29863,2L1T,TEXT_YQ,2L1T,2L1T,YES,PASS,,NORMAL,,PASS,RMU_MODEL_DATA_VALID,1,YES,3800193660570578350,7,7,YES,7,0,0,YES,,,,
JED-NTH-ABH.sln.pic.g,137,2000754,27545,2L1T,TEXT_YQ,2L1T,2L1T,YES,PASS,,NORMAL,,PASS,RMU_MODEL_DATA_VALID,1,YES,3800193660570578453,7,7,YES,7,0,0,YES,,,,
JED-NTH-ABH.sln.pic.g,138,2000174,30424,2L1T,TEXT_YQ,2L1T,2L1T,YES,PASS,,SMART,"SMART, SMR",PASS,RMU_MODEL_DATA_VALID,1,YES,3800193660570625927,7,7,YES,7,0,0,YES,,,,
JED-NTH-ABH.sln.pic.g,139,2000519,30827,2L1T,TEXT_YQ,2L1T,2L1T,YES,PASS,,NORMAL,,PASS,RMU_MODEL_DATA_VALID,1,YES,3800193660570578293,7,7,YES,7,0,0,YES,,,,
JED-NTH-ABH.sln.pic.g,140,2000857,33343,2L1T,TEXT_YQ,2L1T,2L1T,YES,PASS,,SMART,SMART,PASS,RMU_MODEL_DATA_VALID,1,YES,3800193660570625949,7,7,YES,7,0,0,YES,,,,
JED-NTH-ABH.sln.pic.g,141,2000481,30857,3L1T,TEXT_YQ,3L1T,3L1T,YES,PASS,,NORMAL,,PASS,RMU_MODEL_DATA_VALID,1,YES,3800193660570578303,9,9,YES,9,0,0,YES,,,,
JED-NTH-ABH.sln.pic.g,142,2000705,30843,2L1T,TEXT_YQ,2L1T,2L1T,YES,PASS,,SMART,SMR,PASS,RMU_MODEL_DATA_VALID,1,YES,3800193660570625935,7,7,YES,7,0,0,YES,,,,
JED-NTH-ABH.sln.pic.g,143,2000059,29471,3L1T,TEXT_YQ,3L1T,3L1T,YES,PASS,,SMART,SMART,PASS,RMU_MODEL_DATA_VALID,1,YES,3800193660570625924,9,9,YES,9,0,0,YES,,,,
JED-NTH-ABH.sln.pic.g,144,2002477,33433,2L1T,TEXT_YQ,2L1T,2L1T,YES,PASS,,NORMAL,,PASS,RMU_MODEL_DATA_VALID,1,YES,3800193660570578512,7,7,YES,7,0,0,YES,,,,
JED-NTH-ABH.sln.pic.g,145,2000201,37036,2L1T,TEXT_YQ,2L1T,2L1T,YES,PASS,,SMART,SMART,PASS,RMU_MODEL_DATA_VALID,1,YES,3800193660570625975,7,7,YES,7,0,0,YES,,,,
JED-NTH-ABH.sln.pic.g,146,2000528,42350,2L1T,TEXT_YQ,2L1T,2L1T,YES,PASS,,NORMAL,,PASS,RMU_MODEL_DATA_VALID,1,YES,3800193660570578272,7,7,YES,7,0,0,YES,,,,
JED-NTH-ABH.sln.pic.g,147,2000849,31760,2L1T,TEXT_YQ,2L1T,2L1T,YES,PASS,,NORMAL,,PASS,RMU_MODEL_DATA_VALID,1,YES,3800193660570578260,7,7,YES,7,0,0,YES,,,,
JED-NTH-ABH.sln.pic.g,148,2000272,33432,2L1T,TEXT_YQ,2L1T,2L1T,YES,PASS,,SMART,SMART,PASS,RMU_MODEL_DATA_VALID,1,YES,3800193660570625966,7,7,YES,7,0,0,YES,,,,
JED-NTH-ABH.sln.pic.g,149,2000643,30834,2L1T,TEXT_YQ,2L1T,2L1T,YES,PASS,,SMART,SMART,PASS,RMU_MODEL_DATA_VALID,1,YES,3800193660570625933,7,7,YES,7,0,0,YES,,,,
JED-NTH-ABH.sln.pic.g,150,2000581,30874,2L1T,TEXT_YQ,2L1T,2L1T,YES,PASS,,NORMAL,,PASS,RMU_MODEL_DATA_VALID,1,YES,3800193660570578307,7,7,YES,7,0,0,YES,,,,
JED-NTH-ABH.sln.pic.g,151,2000551,30895,2L1T,TEXT_YQ,2L1T,2L1T,YES,PASS,,NORMAL,,PASS,RMU_MODEL_DATA_VALID,1,YES,3800193660570578313,7,7,YES,7,0,0,YES,,,,
JED-NTH-ABH.sln.pic.g,152,2000613,30863,2L1T,TEXT_YQ,2L1T,2L1T,YES,PASS,,NORMAL,,PASS,RMU_MODEL_DATA_VALID,1,YES,3800193660570578304,7,7,YES,7,0,0,YES,,,,
JED-NTH-ABH.sln.pic.g,153,2002474,33368,2L1T,TEXT_YQ,2L1T,2L1T,YES,PASS,,NORMAL,,PASS,RMU_MODEL_DATA_VALID,1,YES,3800193660570578486,7,7,YES,7,0,0,YES,,,,
JED-NTH-ABH.sln.pic.g,154,2001069,29800,2L1T,TEXT_YQ,2L1T,2L1T,YES,PASS,,NORMAL,,PASS,RMU_MODEL_DATA_VALID,1,YES,3800193660570578347,7,7,YES,7,0,0,YES,,,,
JED-NTH-ABH.sln.pic.g,155,2001211,33364,3L1T,TEXT_YQ,3L1T,3L1T,YES,PASS,,SMART,SMART,PASS,RMU_MODEL_DATA_VALID,1,YES,3800193660570625954,8,8,YES,8,0,0,YES,,,,
JED-NTH-ABH.sln.pic.g,156,2000800,29797,2L1T,TEXT_YQ,2L1T,2L1T,YES,PASS,,NORMAL,,PASS,RMU_MODEL_DATA_VALID,1,YES,3800193660570578345,7,7,YES,7,0,0,YES,,,,
JED-NTH-ABH.sln.pic.g,157,2000850,40227,2L1T,TEXT_YQ,2L1T,2L1T,YES,PASS,,NORMAL,,PASS,RMU_MODEL_DATA_VALID,1,YES,3800193660570578247,7,7,YES,7,0,0,YES,,,,
JED-NTH-ABH.sln.pic.g,158,2002468,18585,2L1T,TEXT_YQ,2L1T,2L1T,YES,PASS,,SMART,SMART,PASS,RMU_MODEL_DATA_VALID,1,YES,3800193660570625900,7,7,YES,7,0,0,YES,,,,
JED-NTH-ABH.sln.pic.g,159,2000540,17756,2L1T,TEXT_YQ,2L1T,2L1T,YES,PASS,,NORMAL,,PASS,RMU_MODEL_DATA_VALID,1,YES,3800193660570578436,7,7,YES,7,0,0,YES,,,,
JED-NTH-ABH.sln.pic.g,160,2000390,29719,2L1T,TEXT_YQ,2L1T,2L1T,YES,PASS,,NORMAL,,PASS,RMU_MODEL_DATA_VALID,1,YES,3800193660570578225,7,7,YES,7,0,0,YES,,,,
JED-NTH-ABH.sln.pic.g,161,2000250,22840,2L1T,TEXT_YQ,2L1T,2L1T,YES,PASS,,SMART,SMART,PASS,RMU_MODEL_DATA_VALID,1,YES,3800193660570625906,7,7,YES,7,0,0,YES,,,,
JED-NTH-ABH.sln.pic.g,162,2000203,20134,2L1T,TEXT_YQ,2L1T,2L1T,YES,PASS,,NORMAL,,PASS,RMU_MODEL_DATA_VALID,1,YES,3800193660570578220,7,7,YES,7,0,0,YES,,,,
JED-NTH-ABH.sln.pic.g,163,2000469,19670,2L1T,TEXT_YQ,2L1T,2L1T,YES,PASS,,SMART,SMART,PASS,RMU_MODEL_DATA_VALID,1,YES,3800193660570625901,7,7,YES,7,0,0,YES,,,,
JED-NTH-ABH.sln.pic.g,164,2000208,25879,2L1T,TEXT_YQ,2L1T,2L1T,YES,PASS,,NORMAL,,PASS,RMU_MODEL_DATA_VALID,1,YES,3800193660570578387,7,7,YES,7,0,0,YES,,,,
JED-NTH-ABH.sln.pic.g,165,2002452,30882,2L1T,TEXT_YQ,2L1T,2L1T,YES,PASS,,NORMAL,,PASS,RMU_MODEL_DATA_VALID,1,YES,3800193660570578334,7,7,YES,7,0,0,YES,,,,
JED-NTH-ABH.sln.pic.g,166,2002460,33015,2L1T,TEXT_YQ,2L1T,2L1T,YES,PASS,,NORMAL,,PASS,RMU_MODEL_DATA_VALID,1,YES,3800193660570578354,7,7,YES,7,0,0,YES,,,,
JED-NTH-ABH.sln.pic.g,167,2001895,39089,2L1T,TEXT_YQ,2L1T,2L1T,YES,PASS,,NORMAL,,PASS,RMU_MODEL_DATA_VALID,1,YES,3800193660570578431,7,7,YES,7,0,0,YES,,,,
JED-NTH-ABH.sln.pic.g,168,2002470,35150,2L1T,TEXT_YQ,2L1T,2L1T,YES,PASS,,SMART,SMART,PASS,RMU_MODEL_DATA_VALID,1,YES,3800193660570625970,7,7,YES,7,0,0,YES,,,,
JED-NTH-ABH.sln.pic.g,169,2001988,39088,2L1T,TEXT_YQ,2L1T,2L1T,YES,PASS,,NORMAL,,PASS,RMU_MODEL_DATA_VALID,1,YES,3800193660570578430,7,7,YES,7,0,0,YES,,,,
JED-NTH-ABH.sln.pic.g,170,2000674,30829,2L1T,TEXT_YQ,2L1T,2L1T,YES,PASS,,NORMAL,,PASS,RMU_MODEL_DATA_VALID,1,YES,3800193660570578325,7,7,YES,7,0,0,YES,,,,
JED-NTH-ABH.sln.pic.g,171,2000205,17417,2L1T,TEXT_YQ,2L1T,2L1T,YES,PASS,,NORMAL,,PASS,RMU_MODEL_DATA_VALID,1,YES,3800193660570578278,7,7,YES,7,0,0,YES,,,,
JED-NTH-ABH.sln.pic.g,172,2000744,33375,2L1T,TEXT_YQ,2L1T,2L1T,YES,PASS,,NORMAL,,PASS,RMU_MODEL_DATA_VALID,1,YES,3800193660570578496,7,7,YES,7,0,0,YES,,,,
JED-NTH-ABH.sln.pic.g,173,2000275,33862,3L1T,TEXT_YQ,3L1T,3L1T,YES,PASS,,SMART,SMART,PASS,RMU_MODEL_DATA_VALID,1,YES,3800193660570625967,9,9,YES,9,0,0,YES,,,,
JED-NTH-ABH.sln.pic.g,174,2000565,33431,2L1T,TEXT_YQ,2L1T,2L1T,YES,PASS,,NORMAL,,PASS,RMU_MODEL_DATA_VALID,1,YES,3800193660570578511,7,7,YES,7,0,0,YES,,,,
JED-NTH-ABH.sln.pic.g,175,2000303,33429,2L1T,TEXT_YQ,2L1T,2L1T,YES,PASS,,NORMAL,,PASS,RMU_MODEL_DATA_VALID,1,YES,3800193660570578509,7,7,YES,7,0,0,YES,,,,
JED-NTH-ABH.sln.pic.g,176,2000098,38305,2L1T,TEXT_YQ,2L1T,2L1T,YES,PASS,,NORMAL,,PASS,RMU_MODEL_DATA_VALID,1,YES,3800193660570578361,7,7,YES,7,0,0,YES,,,,
JED-NTH-ABH.sln.pic.g,177,2000430,38230,2L1T,TEXT_YQ,2L1T,2L1T,YES,PASS,,NORMAL,,PASS,RMU_MODEL_DATA_VALID,1,YES,3800193660570625977,7,7,YES,7,0,0,YES,,,,
JED-NTH-ABH.sln.pic.g,178,2000679,30904,3L1T,TEXT_YQ,3L1T,3L1T,YES,PASS,,SMART,SMR,PASS,RMU_MODEL_DATA_VALID,1,YES,3800193660570625941,9,9,YES,9,0,0,YES,,,,
JED-NTH-ABH.sln.pic.g,179,2001100,33004,2L1T,TEXT_YQ,2L1T,2L1T,YES,PASS,,NORMAL,,PASS,RMU_MODEL_DATA_VALID,1,YES,3800193660570578353,7,7,YES,7,0,0,YES,,,,
JED-NTH-ABH.sln.pic.g,180,2002444,26766,2L1T,TEXT_YQ,2L1T,2L1T,YES,PASS,,NORMAL,,PASS,RMU_MODEL_DATA_VALID,1,YES,3800193660570578255,7,7,YES,7,0,0,YES,,,,
JED-NTH-ABH.sln.pic.g,181,2000831,29798,2L1T,TEXT_YQ,2L1T,2L1T,YES,PASS,,NORMAL,,PASS,RMU_MODEL_DATA_VALID,1,YES,3800193660570578346,7,7,YES,7,0,0,YES,,,,
JED-NTH-ABH.sln.pic.g,182,2001142,33366,2L1T,TEXT_YQ,2L1T,2L1T,YES,PASS,,NORMAL,,PASS,RMU_MODEL_DATA_VALID,1,YES,3800193660570578484,7,7,YES,7,0,0,YES,,,,
JED-NTH-ABH.sln.pic.g,183,2001082,33367,2L1T,TEXT_YQ,2L1T,2L1T,YES,PASS,,SMART,SMART,PASS,RMU_MODEL_DATA_VALID,1,YES,3800193660570625955,7,7,YES,7,0,0,YES,,,,
JED-NTH-ABH.sln.pic.g,184,2000210,24521,2L1T,TEXT_YQ,2L1T,2L1T,YES,PASS,,NORMAL,,PASS,RMU_MODEL_DATA_VALID,1,YES,3800193660570578438,7,7,YES,7,0,0,YES,,,,
JED-NTH-ABH.sln.pic.g,185,2001011,40467,2L1T,TEXT_YQ,2L1T,2L1T,YES,PASS,,SMART,SMART,PASS,RMU_MODEL_DATA_VALID,1,YES,3800193660570625987,7,7,YES,7,0,0,YES,,,,
JED-NTH-ABH.sln.pic.g,186,2000281,34116,2L1T,TEXT_YQ,2L1T,2L1T,YES,PASS,,NORMAL,,PASS,RMU_MODEL_DATA_VALID,1,YES,3800193660570578242,7,7,YES,7,0,0,YES,,,,
JED-NTH-ABH.sln.pic.g,187,2000349,29905,2L1T,TEXT_YQ,2L1T,2L1T,YES,PASS,,SMART,SMART,PASS,RMU_MODEL_DATA_VALID,1,YES,3800193660570625926,7,7,YES,7,0,0,YES,,,,
JED-NTH-ABH.sln.pic.g,188,2000359,43109,2L1T,TEXT_YQ,2L1T,2L1T,YES,PASS,,NORMAL,,PASS,RMU_MODEL_DATA_VALID,1,YES,3800193660570578229,7,7,YES,7,0,0,YES,,,,
JED-NTH-ABH.sln.pic.g,189,2000437,43124,2L1T,TEXT_YQ,2L1T,2L1T,YES,PASS,,NORMAL,,PASS,RMU_MODEL_DATA_VALID,1,YES,3800193660570578249,7,7,YES,7,0,0,YES,,,,
JED-NTH-ABH.sln.pic.g,190,2002453,30902,2L1T,TEXT_YQ,2L1T,2L1T,YES,PASS,,NORMAL,,PASS,RMU_MODEL_DATA_VALID,1,YES,3800193660570578337,7,7,YES,7,0,0,YES,,,,
JED-NTH-ABH.sln.pic.g,191,2000234,9406,2L1T,TEXT_YQ,2L1T,2L1T,YES,PASS,,NORMAL,,PASS,RMU_MODEL_DATA_VALID,1,YES,3800193660570578233,7,7,YES,7,0,0,YES,,,,
JED-NTH-ABH.sln.pic.g,192,2000243,24675,2L1T,TEXT_YQ,2L1T,2L1T,YES,PASS,,SMART,SMART,PASS,RMU_MODEL_DATA_VALID,1,YES,3800193660570625909,7,7,YES,7,0,0,YES,,,,
JED-NTH-ABH.sln.pic.g,193,2000882,39466,2L1T,TEXT_YQ,2L1T,2L1T,YES,PASS,,SMART,SMART,PASS,RMU_MODEL_DATA_VALID,1,YES,3800193660570625982,7,7,YES,7,0,0,YES,,,,
JED-NTH-ABH.sln.pic.g,194,2000821,27546,2L1T,TEXT_YQ,2L1T,2L1T,YES,PASS,,NORMAL,,PASS,RMU_MODEL_DATA_VALID,1,YES,3800193660570578454,7,7,YES,7,0,0,YES,,,,
JED-NTH-ABH.sln.pic.g,195,2002478,33430,2L1T,TEXT_YQ,2L1T,2L1T,YES,PASS,,NORMAL,,PASS,RMU_MODEL_DATA_VALID,1,YES,3800193660570578510,7,7,YES,7,0,0,YES,,,,
JED-NTH-ABH.sln.pic.g,196,2002458,30885,2L1T,TEXT_YQ,2L1T,2L1T,YES,PASS,,NORMAL,,PASS,RMU_MODEL_DATA_VALID,1,YES,3800193660570578335,7,7,YES,7,0,0,YES,,,,
JED-NTH-ABH.sln.pic.g,197,2000840,30844,2L1T,TEXT_YQ,2L1T,2L1T,YES,PASS,,NORMAL,,PASS,RMU_MODEL_DATA_VALID,1,YES,3800193660570578299,7,7,YES,7,0,0,YES,,,,
JED-NTH-ABH.sln.pic.g,198,2000871,30901,2L1T,TEXT_YQ,2L1T,2L1T,YES,PASS,,NORMAL,,PASS,RMU_MODEL_DATA_VALID,1,YES,3800193660570578315,7,7,YES,7,0,0,YES,,,,
JED-NTH-ABH.sln.pic.g,199,2001924,39087,2L1T,TEXT_YQ,2L1T,2L1T,YES,PASS,,NORMAL,,PASS,RMU_MODEL_DATA_VALID,1,YES,3800193660570578429,7,7,YES,7,0,0,YES,,,,
JED-NTH-ABH.sln.pic.g,200,2000781,30818,2L1T,TEXT_YQ,2L1T,2L1T,YES,PASS,,NORMAL,,PASS,RMU_MODEL_DATA_VALID,1,YES,3800193660570578290,7,7,YES,7,0,0,YES,,,,
JED-NTH-ABH.sln.pic.g,201,2000811,30828,2L1T,TEXT_YQ,2L1T,2L1T,YES,PASS,,NORMAL,,PASS,RMU_MODEL_DATA_VALID,1,YES,3800193660570578294,7,7,YES,7,0,0,YES,,,,
JED-NTH-ABH.sln.pic.g,202,2002451,30886,2L1T,TEXT_YQ,2L1T,2L1T,YES,PASS,,NORMAL,,PASS,RMU_MODEL_DATA_VALID,1,YES,3800193660570578311,7,7,YES,7,0,0,YES,,,,
JED-NTH-ABH.sln.pic.g,203,2000232,43269,3L1T,TEXT_YQ,3L1T,3L1T,YES,PASS,,SMART,SMART,PASS,RMU_MODEL_DATA_VALID,1,YES,3800193660570625992,9,9,YES,9,0,0,YES,,,,
JED-NTH-ABH.sln.pic.g,204,2002017,39092,2L1T,TEXT_YQ,2L1T,2L1T,YES,PASS,,NORMAL,,PASS,RMU_MODEL_DATA_VALID,1,YES,3800193660570578434,7,7,YES,7,0,0,YES,,,,
JED-NTH-ABH.sln.pic.g,205,2000236,20843,2L1T,TEXT_YQ,2L1T,2L1T,YES,PASS,,NORMAL,,PASS,RMU_MODEL_DATA_VALID,1,YES,3800193660570578279,7,7,YES,7,0,0,YES,,,,
JED-NTH-ABH.sln.pic.g,206,2000774,33344,2L1T,TEXT_YQ,2L1T,2L1T,YES,PASS,,NORMAL,,PASS,RMU_MODEL_DATA_VALID,1,YES,3800193660570578495,7,7,YES,7,0,0,YES,,,,
JED-NTH-ABH.sln.pic.g,207,2000129,41577,2L1T,TEXT_YQ,2L1T,2L1T,YES,PASS,,NORMAL,,PASS,RMU_MODEL_DATA_VALID,1,YES,3800193660570578365,7,7,YES,7,0,0,YES,,,,
JED-NTH-ABH.sln.pic.g,208,2001131,36813,2L1T,TEXT_YQ,2L1T,2L1T,YES,PASS,,NORMAL,,PASS,RMU_MODEL_DATA_VALID,1,YES,3800193660570578360,7,7,YES,7,0,0,YES,,,,
JED-NTH-ABH.sln.pic.g,209,2000862,36236,2L1T,TEXT_YQ,2L1T,2L1T,YES,PASS,,NORMAL,,PASS,RMU_MODEL_DATA_VALID,1,YES,3800193660570625971,7,7,YES,7,0,0,YES,,,,
JED-NTH-ABH.sln.pic.g,210,2000461,42548,2L1T,TEXT_YQ,2L1T,2L1T,YES,PASS,,NORMAL,,PASS,RMU_MODEL_DATA_VALID,1,YES,3800193660570578273,7,7,YES,7,0,0,YES,,,,
JED-NTH-ABH.sln.pic.g,211,2000265,39500,2L1T,TEXT_YQ,2L1T,2L1T,YES,PASS,,NORMAL,,PASS,RMU_MODEL_DATA_VALID,1,YES,3800193660570578270,7,7,YES,7,0,0,YES,,,,
JED-NTH-ABH.sln.pic.g,212,2001172,33365,2L1T,TEXT_YQ,2L1T,2L1T,YES,PASS,,NORMAL,,PASS,RMU_MODEL_DATA_VALID,1,YES,3800193660570578483,7,7,YES,7,0,0,YES,,,,
JED-NTH-ABH.sln.pic.g,213,2000316,31714,2L1T,TEXT_YQ,2L1T,2L1T,YES,PASS,,NORMAL,,PASS,RMU_MODEL_DATA_VALID,1,YES,3800193660570578440,7,7,YES,7,0,0,YES,,,,
JED-NTH-ABH.sln.pic.g,214,2000241,37038,2L1T,TEXT_YQ,2L1T,2L1T,YES,PASS,,NORMAL,,PASS,RMU_MODEL_DATA_VALID,1,YES,3800193660570578445,7,7,YES,7,0,0,YES,,,,
JED-NTH-ABH.sln.pic.g,215,2001046,33348,2L1T,TEXT_YQ,2L1T,2L1T,YES,PASS,,NORMAL,,PASS,RMU_MODEL_DATA_VALID,1,YES,3800193660570578477,7,7,YES,7,0,0,YES,,,,
JED-NTH-ABH.sln.pic.g,216,2000979,38105,2L1T,TEXT_YQ,2L1T,2L1T,YES,PASS,,NORMAL,,PASS,RMU_MODEL_DATA_VALID,1,YES,3800193660570578266,7,7,YES,7,0,0,YES,,,,
JED-NTH-ABH.sln.pic.g,217,2002454,30839,2L1T,TEXT_YQ,2L1T,2L1T,YES,PASS,,NORMAL,,PASS,RMU_MODEL_DATA_VALID,1,YES,3800193660570578327,7,7,YES,7,0,0,YES,,,,
JED-NTH-ABH.sln.pic.g,218,2000328,43443,2L1T,TEXT_YQ,2L1T,2L1T,YES,PASS,,NORMAL,,PASS,RMU_MODEL_DATA_VALID,1,YES,3800193660570578230,7,7,YES,7,0,0,YES,,,,
JED-NTH-ABH.sln.pic.g,219,2000312,39786,2L1T,TEXT_YQ,2L1T,2L1T,YES,PASS,,NORMAL,,PASS,RMU_MODEL_DATA_VALID,1,YES,3800193660570578245,7,7,YES,7,0,0,YES,,,,
JED-NTH-ABH.sln.pic.g,220,2000297,22522,2L1T,TEXT_YQ,2L1T,2L1T,YES,PASS,,SMART,"SMART, SMR",PASS,RMU_MODEL_DATA_VALID,1,YES,3800193660570625904,7,7,YES,7,0,0,YES,,,,
JED-NTH-ABH.sln.pic.g,221,2000406,38222,2L1T,TEXT_YQ,2L1T,2L1T,YES,PASS,,NORMAL,,PASS,RMU_MODEL_DATA_VALID,1,YES,3800193660570578244,7,7,YES,7,0,0,YES,,,,
JED-NTH-ABH.sln.pic.g,222,2000716,30849,3L1T,TEXT_YQ,3L1T,3L1T,YES,PASS,,NORMAL,,PASS,RMU_MODEL_DATA_VALID,1,YES,3800193660570578300,9,9,YES,9,0,0,YES,,,,
JED-NTH-ABH.sln.pic.g,223,2002457,30817,2L1T,TEXT_YQ,2L1T,2L1T,YES,PASS,,NORMAL,,PASS,RMU_MODEL_DATA_VALID,1,YES,3800193660570578322,7,7,YES,7,0,0,YES,,,,
JED-NTH-ABH.sln.pic.g,224,2000913,40228,2L1T,TEXT_YQ,2L1T,2L1T,YES,PASS,,NORMAL,,PASS,RMU_MODEL_DATA_VALID,1,YES,3800193660570578248,7,7,YES,7,0,0,YES,,,,
JED-NTH-ABH.sln.pic.g,225,2000278,17224,2L1T,TEXT_YQ,2L1T,2L1T,YES,PASS,,NORMAL,,PASS,RMU_MODEL_DATA_VALID,1,YES,3800193660570578369,7,7,YES,7,0,0,YES,,,,
JED-NTH-ABH.sln.pic.g,226,2000851,39841,2L1T,TEXT_YQ,2L1T,2L1T,YES,PASS,,NORMAL,,PASS,RMU_MODEL_DATA_VALID,1,YES,3800193660570583751,7,7,YES,7,0,0,YES,,,,
JED-NTH-ABH.sln.pic.g,227,2001865,39086,2L1T,TEXT_YQ,2L1T,2L1T,YES,PASS,,NORMAL,,PASS,RMU_MODEL_DATA_VALID,1,YES,3800193660570578428,7,7,YES,7,0,0,YES,,,,
JED-NTH-ABH.sln.pic.g,228,2001958,39093,2L1T,TEXT_YQ,2L1T,2L1T,YES,PASS,,SMART,SMR,PASS,RMU_MODEL_DATA_VALID,1,YES,3800193660570625981,7,7,YES,7,0,0,YES,,,,
JED-NTH-ABH.sln.pic.g,229,2000267,15134,2L1T,TEXT_YQ,2L1T,2L1T,YES,PASS,,NORMAL,,PASS,RMU_MODEL_DATA_VALID,1,YES,3800193660570578277,7,7,YES,7,0,0,YES,,,,
JED-NTH-ABH.sln.pic.g,230,2000270,33836,2L1T,TEXT_YQ,2L1T,2L1T,YES,PASS,,NORMAL,,PASS,RMU_MODEL_DATA_VALID,1,YES,3800193660570578357,7,7,YES,7,0,0,YES,,,,
JED-NTH-ABH.sln.pic.g,231,2000776,33390,2L1T,TEXT_YQ,2L1T,2L1T,YES,PASS,,SMART,SMART,PASS,RMU_MODEL_DATA_VALID,1,YES,3800193660570625958,7,7,YES,7,0,0,YES,,,,
JED-NTH-ABH.sln.pic.g,232,2000160,32010,2L1T,TEXT_YQ,2L1T,2L1T,YES,PASS,,NORMAL,,PASS,RMU_MODEL_DATA_VALID,1,YES,3800193660570578351,7,7,YES,7,0,0,YES,,,,
JED-NTH-ABH.sln.pic.g,233,2001057,30853,2L1T,TEXT_YQ,2L1T,2L1T,YES,PASS,,NORMAL,,PASS,RMU_MODEL_DATA_VALID,1,YES,3800193660570578302,7,7,YES,7,0,0,YES,,,,
JED-NTH-ABH.sln.pic.g,234,2001026,30867,2L1T,TEXT_YQ,2L1T,2L1T,YES,PASS,,NORMAL,,PASS,RMU_MODEL_DATA_VALID,1,YES,3800193660570625937,7,7,YES,7,0,0,YES,,,,
JED-NTH-ABH.sln.pic.g,235,2000967,30877,2L1T,TEXT_YQ,2L1T,2L1T,YES,PASS,,NORMAL,,PASS,RMU_MODEL_DATA_VALID,1,YES,3800193660570578309,7,7,YES,7,0,0,YES,,,,
JED-NTH-ABH.sln.pic.g,236,2000997,30824,2L1T,TEXT_YQ,2L1T,2L1T,YES,PASS,,NORMAL,,PASS,RMU_MODEL_DATA_VALID,1,YES,3800193660570578292,7,7,YES,7,0,0,YES,,,,
JED-NTH-ABH.sln.pic.g,237,2000938,30898,2L1T,TEXT_YQ,2L1T,2L1T,YES,PASS,,NORMAL,,PASS,RMU_MODEL_DATA_VALID,1,YES,3800193660570578314,7,7,YES,7,0,0,YES,,,,
JED-NTH-ABH.sln.pic.g,238,2000299,24481,2L1T,TEXT_YQ,2L1T,2L1T,YES,PASS,,SMART,SMART,PASS,RMU_MODEL_DATA_VALID,1,YES,3800193660570625907,7,7,YES,7,0,0,YES,,,,
JED-NTH-ABH.sln.pic.g,239,2000493,35194,2L1T,TEXT_YQ,2L1T,2L1T,YES,PASS,,NORMAL,,PASS,RMU_MODEL_DATA_VALID,1,YES,3800193660570578262,7,7,YES,7,0,0,YES,,,,
JED-NTH-ABH.sln.pic.g,240,2001174,33350,2L1T,TEXT_YQ,2L1T,2L1T,YES,PASS,,SMART,SMART,PASS,RMU_MODEL_DATA_VALID,1,YES,3800193660570625952,7,7,YES,7,0,0,YES,,,,
JED-NTH-ABH.sln.pic.g,241,2002455,30911,2L1T,TEXT_YQ,2L1T,2L1T,YES,PASS,,SMART,SMR,PASS,RMU_MODEL_DATA_VALID,1,YES,3800193660570625944,7,7,YES,7,0,0,YES,,,,
JED-NTH-ABH.sln.pic.g,242,2000549,30905,2L1T,TEXT_YQ,2L1T,2L1T,YES,PASS,,SMART,SMR,PASS,RMU_MODEL_DATA_VALID,1,YES,3800193660570625942,7,7,YES,7,0,0,YES,,,,
JED-NTH-ABH.sln.pic.g,243,2000948,26370,2L1T,TEXT_YQ,2L1T,2L1T,YES,PASS,,NORMAL,,PASS,RMU_MODEL_DATA_VALID,1,YES,3800193660570578252,7,7,YES,7,0,0,YES,,,,
JED-NTH-ABH.sln.pic.g,244,2001076,33349,2L1T,TEXT_YQ,2L1T,2L1T,YES,PASS,,NORMAL,,PASS,RMU_MODEL_DATA_VALID,1,YES,3800193660570578478,7,7,YES,7,0,0,YES,,,,
JED-NTH-ABH.sln.pic.g,245,2000344,26772,2L1T,TEXT_YQ,2L1T,2L1T,YES,PASS,,SMART,SMART,PASS,RMU_MODEL_DATA_VALID,1,YES,3800193660570625919,7,7,YES,7,0,0,YES,,,,
JED-NTH-ABH.sln.pic.g,246,2000375,25925,2L1T,TEXT_YQ,2L1T,2L1T,YES,PASS,,NORMAL,,PASS,RMU_MODEL_DATA_VALID,1,YES,3800193660570578240,7,7,YES,7,0,0,YES,,,,
JED-NTH-ABH.sln.pic.g,247,2000944,26746,2L1T,TEXT_YQ,2L1T,2L1T,YES,PASS,,NORMAL,,PASS,RMU_MODEL_DATA_VALID,1,YES,3800193660570578241,7,7,YES,7,0,0,YES,,,,
JED-NTH-ABH.sln.pic.g,248,2000307,17225,2L1T,TEXT_YQ,2L1T,2L1T,YES,PASS,,NORMAL,,PASS,RMU_MODEL_DATA_VALID,1,YES,3800193660570578370,7,7,YES,7,0,0,YES,,,,
JED-NTH-ABH.sln.pic.g,249,2001834,39085,3L,TEXT_YQ,3L,3L,YES,PASS,,SMART,SMART,PASS,RMU_MODEL_DATA_VALID,1,YES,3800193660570625980,7,7,YES,7,0,0,YES,,,,
JED-NTH-ABH.sln.pic.g,250,2002471,38112,2L1T,TEXT_YQ,2L1T,2L1T,YES,PASS,,SMART,SMART,PASS,RMU_MODEL_DATA_VALID,1,YES,3800193660570625976,7,7,YES,7,0,0,YES,,,,
JED-NTH-ABH.sln.pic.g,251,2000301,29776,2L1T,TEXT_YQ,2L1T,2L1T,YES,PASS,,NORMAL,,PASS,RMU_MODEL_DATA_VALID,1,YES,3800193660570578343,7,7,YES,7,0,0,YES,,,,
JED-NTH-ABH.sln.pic.g,252,2000195,33284,2L1T,TEXT_YQ,2L1T,2L1T,YES,PASS,,SMART,SMART,PASS,RMU_MODEL_DATA_VALID,1,YES,3800193660570625948,7,7,YES,7,0,0,YES,,,,
JED-NTH-ABH.sln.pic.g,253,2001276,30907,3L1T,TEXT_YQ,3L1T,3L1T,YES,PASS,,SMART,SMART,PASS,RMU_MODEL_DATA_VALID,1,YES,3800193660570625943,9,9,YES,9,0,0,YES,,,,
JED-NTH-ABH.sln.pic.g,254,2002083,39090,2L1T,TEXT_YQ,2L1T,2L1T,YES,PASS,,NORMAL,,PASS,RMU_MODEL_DATA_VALID,1,YES,3800193660570578432,7,7,YES,7,0,0,YES,,,,
JED-NTH-ABH.sln.pic.g,255,2000487,30896,2L1T,TEXT_YQ,2L1T,2L1T,YES,PASS,,NORMAL,,PASS,RMU_MODEL_DATA_VALID,1,YES,3800193660570578336,7,7,YES,7,0,0,YES,,,,
JED-NTH-ABH.sln.pic.g,256,2000298,30826,2L1T,TEXT_YQ,2L1T,2L1T,YES,PASS,,NORMAL,,PASS,RMU_MODEL_DATA_VALID,1,YES,3800193660570578324,7,7,YES,7,0,0,YES,,,,
JED-NTH-ABH.sln.pic.g,257,2001246,30891,2L1T,TEXT_YQ,2L1T,2L1T,YES,PASS,,NORMAL,,PASS,RMU_MODEL_DATA_VALID,1,YES,3800193660570578312,7,7,YES,7,0,0,YES,,,,
JED-NTH-ABH.sln.pic.g,258,2001119,30872,2L1T,TEXT_YQ,2L1T,2L1T,YES,PASS,,NORMAL,,PASS,RMU_MODEL_DATA_VALID,1,YES,3800193660570578306,7,7,YES,7,0,0,YES,,,,
JED-NTH-ABH.sln.pic.g,259,2001214,30830,2L1T,TEXT_YQ,2L1T,2L1T,YES,PASS,,SMART,SMART,PASS,RMU_MODEL_DATA_VALID,1,YES,3800193660570625931,7,7,YES,7,0,0,YES,,,,
JED-NTH-ABH.sln.pic.g,260,2001090,30821,2L1T,TEXT_YQ,2L1T,2L1T,YES,PASS,,NORMAL,,PASS,RMU_MODEL_DATA_VALID,1,YES,3800193660570578291,7,7,YES,7,0,0,YES,,,,
JED-NTH-ABH.sln.pic.g,261,2001150,30883,2L1T,TEXT_YQ,2L1T,2L1T,YES,PASS,,NORMAL,,PASS,RMU_MODEL_DATA_VALID,1,YES,3800193660570578310,7,7,YES,7,0,0,YES,,,,
JED-NTH-ABH.sln.pic.g,262,2001045,36361,2L1T,TEXT_YQ,2L1T,2L1T,YES,PASS,,SMART,SMART,PASS,RMU_MODEL_DATA_VALID,1,YES,3800193660570625973,7,7,YES,7,0,0,YES,,,,
JED-NTH-ABH.sln.pic.g,263,2001770,17231,2L1T,TEXT_YQ,2L1T,2L1T,YES,PASS,,NORMAL,,PASS,RMU_MODEL_DATA_VALID,1,YES,3800193660570578375,7,7,YES,7,0,0,YES,,,,
JED-NTH-ABH.sln.pic.g,264,2000338,24674,2L1T,TEXT_YQ,2L1T,2L1T,YES,PASS,,SMART,SMART,PASS,RMU_MODEL_DATA_VALID,1,YES,3800193660570625908,7,7,YES,7,0,0,YES,,,,
JED-NTH-ABH.sln.pic.g,265,2000918,33165,2L1T,TEXT_YQ,2L1T,2L1T,YES,PASS,,NORMAL,,PASS,RMU_MODEL_DATA_VALID,1,YES,3800193660570578460,7,7,YES,7,0,0,YES,,,,
JED-NTH-ABH.sln.pic.g,266,2000426,30873,3L1T,TEXT_YQ,3L1T,3L1T,YES,PASS,,NORMAL,,PASS,RMU_MODEL_DATA_VALID,1,YES,3800193660570625939,9,9,YES,9,0,0,YES,,,,
JED-NTH-ABH.sln.pic.g,267,2002112,39091,2L1T,TEXT_YQ,2L1T,2L1T,YES,PASS,,NORMAL,,PASS,RMU_MODEL_DATA_VALID,1,YES,3800193660570578433,7,7,YES,7,0,0,YES,,,,
JED-NTH-ABH.sln.pic.g,268,2000429,30859,2L1T,TEXT_YQ,2L1T,2L1T,YES,PASS,,SMART,SMR,PASS,RMU_MODEL_DATA_VALID,1,YES,3800193660570625936,7,7,YES,7,0,0,YES,,,,
JED-NTH-ABH.sln.pic.g,269,2002456,30864,2L1T,TEXT_YQ,2L1T,2L1T,YES,PASS,,NORMAL,,PASS,RMU_MODEL_DATA_VALID,1,YES,3800193660570578331,7,7,YES,7,0,0,YES,,,,
JED-NTH-ABH.sln.pic.g,270,2000362,30833,2L1T,TEXT_YQ,2L1T,2L1T,YES,PASS,,NORMAL,,PASS,RMU_MODEL_DATA_VALID,1,YES,3800193660570578326,7,7,YES,7,0,0,YES,,,,
JED-NTH-ABH.sln.pic.g,271,2000479,31139,3L1T,TEXT_YQ,3L1T,3L1T,YES,PASS,,NORMAL,,PASS,RMU_MODEL_DATA_VALID,1,YES,3800193660570578421,9,9,YES,9,0,0,YES,,,,
JED-NTH-ABH.sln.pic.g,272,2001320,30840,3L1T,TEXT_YQ,3L1T,3L1T,YES,PASS,,NORMAL,,PASS,RMU_MODEL_DATA_VALID,1,YES,3800193660570625934,9,9,YES,9,0,0,YES,,,,
JED-NTH-ABH.sln.pic.g,273,2001077,38247,2L1T,TEXT_YQ,2L1T,2L1T,YES,PASS,,NORMAL,,PASS,RMU_MODEL_DATA_VALID,1,YES,3800193660570578268,7,7,YES,7,0,0,YES,,,,
JED-NTH-ABH.sln.pic.g,274,2001799,17229,2L1T,TEXT_YQ,2L1T,2L1T,YES,PASS,,NORMAL,,PASS,RMU_MODEL_DATA_VALID,1,YES,3800193660570578373,7,7,YES,7,0,0,YES,,,,
JED-NTH-ABH.sln.pic.g,275,2000635,31041,2L1T,TEXT_YQ,2L1T,2L1T,YES,PASS,,NORMAL,,PASS,RMU_MODEL_DATA_VALID,1,YES,3800193660570578391,7,7,YES,7,0,0,YES,,,,
JED-NTH-ABH.sln.pic.g,276,2000747,31126,2L1T,TEXT_YQ,2L1T,2L1T,YES,PASS,,NORMAL,,PASS,RMU_MODEL_DATA_VALID,1,YES,3800193660570578413,7,7,YES,7,0,0,YES,,,,
JED-NTH-ABH.sln.pic.g,277,2000688,31129,2L1T,TEXT_YQ,2L1T,2L1T,YES,PASS,,NORMAL,,PASS,RMU_MODEL_DATA_VALID,1,YES,3800193660570578416,7,7,YES,7,0,0,YES,,,,
JED-NTH-ABH.sln.pic.g,278,2000718,31127,2L1T,TEXT_YQ,2L1T,2L1T,YES,PASS,,NORMAL,,PASS,RMU_MODEL_DATA_VALID,1,YES,3800193660570578414,7,7,YES,7,0,0,YES,,,,
JED-NTH-ABH.sln.pic.g,279,2000659,31128,2L1T,TEXT_YQ,2L1T,2L1T,YES,PASS,,NORMAL,,PASS,RMU_MODEL_DATA_VALID,1,YES,3800193660570578415,7,7,YES,7,0,0,YES,,,,
JED-NTH-ABH.sln.pic.g,280,2002469,32937,2L1T,TEXT_YQ,2L1T,2L1T,YES,PASS,,NORMAL,,PASS,RMU_MODEL_DATA_VALID,1,YES,3800193660570578459,7,7,YES,7,0,0,YES,,,,
JED-NTH-ABH.sln.pic.g,281,2000379,24897,3L1T,TEXT_YQ,3L1T,3L1T,YES,PASS,,NORMAL,,PASS,RMU_MODEL_DATA_VALID,1,YES,3800193660570625911,9,9,YES,9,0,0,YES,,,,
JED-NTH-ABH.sln.pic.g,282,2001479,30851,2L1T,TEXT_YQ,2L1T,2L1T,YES,PASS,,NORMAL,,PASS,RMU_MODEL_DATA_VALID,1,YES,3800193660570578301,7,7,YES,7,0,0,YES,,,,
JED-NTH-ABH.sln.pic.g,283,2001386,30875,2L1T,TEXT_YQ,2L1T,2L1T,YES,PASS,,NORMAL,,PASS,RMU_MODEL_DATA_VALID,1,YES,3800193660570578308,7,7,YES,7,0,0,YES,,,,
JED-NTH-ABH.sln.pic.g,284,2001447,30812,2L1T,TEXT_YQ,2L1T,2L1T,YES,PASS,,SMART,SMART,PASS,RMU_MODEL_DATA_VALID,1,YES,3800193660570625928,7,7,YES,7,0,0,YES,,,,
JED-NTH-ABH.sln.pic.g,285,2001357,30836,2L1T,TEXT_YQ,2L1T,2L1T,YES,PASS,,NORMAL,,PASS,RMU_MODEL_DATA_VALID,1,YES,3800193660570578296,7,7,YES,7,0,0,YES,,,,
JED-NTH-ABH.sln.pic.g,286,2001417,30913,2L1T,TEXT_YQ,2L1T,2L1T,YES,PASS,,NORMAL,,PASS,RMU_MODEL_DATA_VALID,1,YES,3800193660570578319,7,7,YES,7,0,0,YES,,,,
JED-NTH-ABH.sln.pic.g,287,2002053,39083,2L1T,TEXT_YQ,2L1T,2L1T,YES,PASS,,NORMAL,,PASS,RMU_MODEL_DATA_VALID,1,YES,3800193660570578424,7,7,YES,7,0,0,YES,,,,
JED-NTH-ABH.sln.pic.g,288,2001706,26570,2L1T,TEXT_YQ,2L1T,2L1T,YES,PASS,,NORMAL,,PASS,RMU_MODEL_DATA_VALID,1,YES,3800193660570578389,7,7,YES,7,0,0,YES,,,,
JED-NTH-ABH.sln.pic.g,289,2001108,44812,2L1T,TEXT_YQ,2L1T,2L1T,YES,PASS,,NORMAL,,PASS,RMU_MODEL_DATA_VALID,1,YES,3800193660570578275,7,7,YES,7,0,0,YES,,,,
JED-NTH-ABH.sln.pic.g,290,2001083,32919,2L2T,TEXT_YQ,2L2T,2L2T,YES,PASS,,SMART,SMART,PASS,RMU_MODEL_DATA_VALID,1,YES,3800193660570625946,9,9,YES,9,0,0,YES,,,,
JED-NTH-ABH.sln.pic.g,291,2000410,35161,2L1T,TEXT_YQ,2L1T,2L1T,YES,PASS,,NORMAL,,PASS,RMU_MODEL_DATA_VALID,1,YES,3800193660570578423,7,7,YES,7,0,0,YES,,,,
JED-NTH-ABH.sln.pic.g,292,2000820,31123,3L1T,TEXT_YQ,3L1T,3L1T,YES,PASS,,NORMAL,,PASS,RMU_MODEL_DATA_VALID,1,YES,3800193660570578410,9,9,YES,9,0,0,YES,,,,
JED-NTH-ABH.sln.pic.g,293,2002154,39084,3L1T,TEXT_YQ,3L1T,3L1T,YES,PASS,,NORMAL,,PASS,RMU_MODEL_DATA_VALID,1,YES,3800193660570625979,9,9,YES,9,0,0,YES,,,,
JED-NTH-ABH.sln.pic.g,294,2000912,31133,2L1T,TEXT_YQ,2L1T,2L1T,YES,PASS,,NORMAL,,PASS,RMU_MODEL_DATA_VALID,1,YES,3800193660570578420,7,7,YES,7,0,0,YES,,,,
JED-NTH-ABH.sln.pic.g,295,2000853,31130,2L1T,TEXT_YQ,2L1T,2L1T,YES,PASS,,NORMAL,,PASS,RMU_MODEL_DATA_VALID,1,YES,3800193660570578417,7,7,YES,7,0,0,YES,,,,
JED-NTH-ABH.sln.pic.g,296,2000883,31132,2L1T,TEXT_YQ,2L1T,2L1T,YES,PASS,,NORMAL,,PASS,RMU_MODEL_DATA_VALID,1,YES,3800193660570578419,7,7,YES,7,0,0,YES,,,,
JED-NTH-ABH.sln.pic.g,297,2000824,31131,2L1T,TEXT_YQ,2L1T,2L1T,YES,PASS,,NORMAL,,PASS,RMU_MODEL_DATA_VALID,1,YES,3800193660570578418,7,7,YES,7,0,0,YES,,,,
JED-NTH-ABH.sln.pic.g,298,2001735,17228,2L1T,TEXT_YQ,2L1T,2L1T,YES,PASS,,SMART,SMR,PASS,RMU_MODEL_DATA_VALID,1,YES,3800193660570625896,7,7,YES,7,0,0,YES,,,,
JED-NTH-ABH.sln.pic.g,299,2000439,17226,2L1T,TEXT_YQ,2L1T,2L1T,YES,PASS,,NORMAL,,PASS,RMU_MODEL_DATA_VALID,1,YES,3800193660570578371,7,7,YES,7,0,0,YES,,,,
JED-NTH-ABH.sln.pic.g,300,2001121,40170,2L1T,TEXT_YQ,2L1T,2L1T,YES,PASS,,NORMAL,,PASS,RMU_MODEL_DATA_VALID,1,YES,3800193660570578470,7,7,YES,7,0,0,YES,,,,
JED-NTH-ABH.sln.pic.g,301,2000980,31122,3L1T,TEXT_YQ,3L1T,3L1T,YES,PASS,,NORMAL,,PASS,RMU_MODEL_DATA_VALID,1,YES,3800193660570578409,9,9,YES,9,0,0,YES,,,,
JED-NTH-ABH.sln.pic.g,302,2002215,17230,2L1T,TEXT_YQ,2L1T,2L1T,YES,PASS,,NORMAL,,PASS,RMU_MODEL_DATA_VALID,1,YES,3800193660570625897,7,7,YES,7,0,0,YES,,,,
JED-NTH-ABH.sln.pic.g,303,2001071,31121,2L1T,TEXT_YQ,2L1T,2L1T,YES,PASS,,NORMAL,,PASS,RMU_MODEL_DATA_VALID,1,YES,3800193660570578408,7,7,YES,7,0,0,YES,,,,
JED-NTH-ABH.sln.pic.g,304,2001012,31140,2L1T,TEXT_YQ,2L1T,2L1T,YES,PASS,,NORMAL,,PASS,RMU_MODEL_DATA_VALID,1,YES,3800193660570578422,7,7,YES,7,0,0,YES,,,,
JED-NTH-ABH.sln.pic.g,305,2001042,31124,2L1T,TEXT_YQ,2L1T,2L1T,YES,PASS,,NORMAL,,PASS,RMU_MODEL_DATA_VALID,1,YES,3800193660570578411,7,7,YES,7,0,0,YES,,,,
JED-NTH-ABH.sln.pic.g,306,2000983,31125,2L1T,TEXT_YQ,2L1T,2L1T,YES,PASS,,NORMAL,,PASS,RMU_MODEL_DATA_VALID,1,YES,3800193660570578412,7,7,YES,7,0,0,YES,,,,
JED-NTH-ABH.sln.pic.g,307,2002279,17235,2L1T,TEXT_YQ,2L1T,2L1T,YES,PASS,,NORMAL,,PASS,RMU_MODEL_DATA_VALID,1,YES,3800193660570578379,7,7,YES,7,0,0,YES,,,,
JED-NTH-ABH.sln.pic.g,308,2001643,26557,2L1T,TEXT_YQ,2L1T,2L1T,YES,PASS,,NORMAL,,PASS,RMU_MODEL_DATA_VALID,1,YES,3800193660570578388,7,7,YES,7,0,0,YES,,,,
JED-NTH-ABH.sln.pic.g,309,2002244,17232,2L1T,TEXT_YQ,2L1T,2L1T,YES,PASS,,NORMAL,,PASS,RMU_MODEL_DATA_VALID,1,YES,3800193660570578376,7,7,YES,7,0,0,YES,,,,
JED-NTH-ABH.sln.pic.g,310,2001594,36250,2L1T,TEXT_YQ,2L1T,2L1T,YES,PASS,,NORMAL,,PASS,RMU_MODEL_DATA_VALID,1,YES,3800193660570578463,7,7,YES,7,0,0,YES,,,,
JED-NTH-ABH.sln.pic.g,311,2002308,17234,2L1T,TEXT_YQ,2L1T,2L1T,YES,PASS,,NORMAL,,PASS,RMU_MODEL_DATA_VALID,1,YES,3800193660570578378,7,7,YES,7,0,0,YES,,,,
JED-NTH-ABH.sln.pic.g,312,2001138,31113,3L1T,TEXT_YQ,3L1T,3L1T,YES,PASS,,NORMAL,,PASS,RMU_MODEL_DATA_VALID,1,YES,3800193660570578400,9,9,YES,9,0,0,YES,,,,
JED-NTH-ABH.sln.pic.g,313,2001229,31112,2L1T,TEXT_YQ,2L1T,2L1T,YES,PASS,,NORMAL,,PASS,RMU_MODEL_DATA_VALID,1,YES,3800193660570578399,7,7,YES,7,0,0,YES,,,,
JED-NTH-ABH.sln.pic.g,314,2001170,31120,2L1T,TEXT_YQ,2L1T,2L1T,YES,PASS,,NORMAL,,PASS,RMU_MODEL_DATA_VALID,1,YES,3800193660570578407,7,7,YES,7,0,0,YES,,,,
JED-NTH-ABH.sln.pic.g,315,2001200,31118,2L1T,TEXT_YQ,2L1T,2L1T,YES,PASS,,NORMAL,,PASS,RMU_MODEL_DATA_VALID,1,YES,3800193660570578405,7,7,YES,7,0,0,YES,,,,
JED-NTH-ABH.sln.pic.g,316,2001141,31119,2L1T,TEXT_YQ,2L1T,2L1T,YES,PASS,,NORMAL,,PASS,RMU_MODEL_DATA_VALID,1,YES,3800193660570578406,7,7,YES,7,0,0,YES,,,,
JED-NTH-ABH.sln.pic.g,317,2001672,26833,2L1T,TEXT_YQ,2L1T,2L1T,YES,PASS,,NORMAL,,PASS,RMU_MODEL_DATA_VALID,1,YES,3800193660570578390,7,7,YES,7,0,0,YES,,,,
JED-NTH-ABH.sln.pic.g,318,2002185,17233,2L1T,TEXT_YQ,2L1T,2L1T,YES,PASS,,SMART,SMR,PASS,RMU_MODEL_DATA_VALID,1,YES,3800193660570625898,7,7,YES,7,0,0,YES,,,,
JED-NTH-ABH.sln.pic.g,319,2001153,27547,2L1T,TEXT_YQ,2L1T,2L1T,YES,PASS,,SMART,SMART,PASS,RMU_MODEL_DATA_VALID,1,YES,3800193660570625922,7,7,YES,7,0,0,YES,,,,
JED-NTH-ABH.sln.pic.g,320,2001296,31114,3L1T,TEXT_YQ,3L1T,3L1T,YES,PASS,,NORMAL,,PASS,RMU_MODEL_DATA_VALID,1,YES,3800193660570578401,9,9,YES,9,0,0,YES,,,,
JED-NTH-ABH.sln.pic.g,321,2002462,31115,2L1T,TEXT_YQ,2L1T,2L1T,YES,PASS,,NORMAL,,PASS,RMU_MODEL_DATA_VALID,1,YES,3800193660570578402,7,7,YES,7,0,0,YES,,,,
JED-NTH-ABH.sln.pic.g,322,2002464,31116,2L1T,TEXT_YQ,2L1T,2L1T,YES,PASS,,NORMAL,,PASS,RMU_MODEL_DATA_VALID,1,YES,3800193660570578403,7,7,YES,7,0,0,YES,,,,
JED-NTH-ABH.sln.pic.g,323,2002463,31117,2L1T,TEXT_YQ,2L1T,2L1T,YES,PASS,,NORMAL,,PASS,RMU_MODEL_DATA_VALID,1,YES,3800193660570578404,7,7,YES,7,0,0,YES,,,,
JED-NTH-ABH.sln.pic.g,324,2001298,31111,2L1T,TEXT_YQ,2L1T,2L1T,YES,PASS,,NORMAL,,PASS,RMU_MODEL_DATA_VALID,1,YES,3800193660570578398,7,7,YES,7,0,0,YES,,,,
JED-NTH-ABH.sln.pic.g,325,2002472,27548,2L1T,TEXT_YQ,2L1T,2L1T,YES,PASS,,NORMAL,,PASS,RMU_MODEL_DATA_VALID,1,YES,3800193660570578455,7,7,YES,7,0,0,YES,,,,
JED-NTH-ABH.sln.pic.g,326,2001552,42950,2L1T,TEXT_YQ,2L1T,2L1T,YES,PASS,,NORMAL,,PASS,RMU_MODEL_DATA_VALID,1,YES,3800193660570578473,7,7,YES,7,0,0,YES,,,,
JED-NTH-ABH.sln.pic.g,327,2001606,31105,3L1T,TEXT_YQ,3L1T,3L1T,YES,PASS,,NORMAL,,PASS,RMU_MODEL_DATA_VALID,1,YES,3800193660570578392,9,9,YES,9,0,0,YES,,,,
JED-NTH-ABH.sln.pic.g,328,2001508,31107,2L1T,TEXT_YQ,2L1T,2L1T,YES,PASS,,NORMAL,,PASS,RMU_MODEL_DATA_VALID,1,YES,3800193660570578394,7,7,YES,7,0,0,YES,,,,
JED-NTH-ABH.sln.pic.g,329,2001449,31109,2L1T,TEXT_YQ,2L1T,2L1T,YES,PASS,,NORMAL,,PASS,RMU_MODEL_DATA_VALID,1,YES,3800193660570578396,7,7,YES,7,0,0,YES,,,,
JED-NTH-ABH.sln.pic.g,330,2002465,31110,2L1T,TEXT_YQ,2L1T,2L1T,YES,PASS,,NORMAL,,PASS,RMU_MODEL_DATA_VALID,1,YES,3800193660570578397,7,7,YES,7,0,0,YES,,,,
JED-NTH-ABH.sln.pic.g,331,2001539,31106,2L1T,TEXT_YQ,2L1T,2L1T,YES,PASS,,NORMAL,,PASS,RMU_MODEL_DATA_VALID,1,YES,3800193660570578393,7,7,YES,7,0,0,YES,,,,
JED-NTH-ABH.sln.pic.g,332,2001420,31108,2L1T,TEXT_YQ,2L1T,2L1T,YES,PASS,,NORMAL,,PASS,RMU_MODEL_DATA_VALID,1,YES,3800193660570578395,7,7,YES,7,0,0,YES,,,,
JED-NTH-ABH.sln.pic.g,333,2001244,34088,2L1T,TEXT_YQ,2L1T,2L1T,YES,PASS,,NORMAL,,PASS,RMU_MODEL_DATA_VALID,1,YES,3800193660570578461,7,7,YES,7,0,0,YES,,,,
JED-NTH-ABH.sln.pic.g,334,2001408,39389,2L1T,TEXT_YQ,2L1T,2L1T,YES,PASS,,NORMAL,,PASS,RMU_MODEL_DATA_VALID,1,YES,3800193660570578468,7,7,YES,7,0,0,YES,,,,
JED-NTH-ABH.sln.pic.g,335,2001274,26352,2L1T,TEXT_YQ,2L1T,2L1T,YES,PASS,,NORMAL,,PASS,RMU_MODEL_DATA_VALID,1,YES,3800193660570625915,7,7,YES,7,0,0,YES,,,,
JED-NTH-ABH.sln.pic.g,336,2001438,22655,2L1T,TEXT_YQ,2L1T,2L1T,YES,PASS,,NORMAL,,PASS,RMU_MODEL_DATA_VALID,1,YES,3800193660570578451,7,7,YES,7,0,0,YES,,,,
JED-NTH-ABH.sln.pic.g,337,2001283,27788,2L1T,TEXT_YQ,2L1T,2L1T,YES,PASS,,NORMAL,,PASS,RMU_MODEL_DATA_VALID,1,YES,3800193660570578456,7,7,YES,7,0,0,YES,,,,
JED-NTH-ABH.sln.pic.g,338,2001444,36352,2L2T,TEXT_YQ,2L2T,2L2T,YES,PASS,,SMART,SMART,PASS,RMU_MODEL_DATA_VALID,1,YES,3800193660570625972,9,9,YES,9,0,0,YES,,,,
JED-NTH-ABH.sln.pic.g,339,2001313,22472,2L1T,TEXT_YQ,2L1T,2L1T,YES,PASS,,SMART,SMART,PASS,RMU_MODEL_DATA_VALID,1,YES,3800193660570625903,7,7,YES,7,0,0,YES,,,,
JED-NTH-ABH.sln.pic.g,340,2001372,36372,2L1T,TEXT_YQ,2L1T,2L1T,YES,PASS,,NORMAL,,PASS,RMU_MODEL_DATA_VALID,1,YES,3800193660570578465,7,7,YES,7,0,0,YES,,,,
JED-NTH-ABH.sln.pic.g,341,2001512,28058,2L1T,TEXT_YQ,2L1T,2L1T,YES,PASS,,NORMAL,,PASS,RMU_MODEL_DATA_VALID,1,YES,3800193660570578457,7,7,YES,7,0,0,YES,,,,
