No.,XMLFile,CabinetType,Feeder,RMU,LinkName,SubstituteDestination,DuplicateCount,Warning
1,JEDDAH-ABH.XML,3L1T,JED-JED-ABN2-18,33362,02_VERT_SRMU_3L1T_01,JED-JED-ABN2-18-33362,1,
2,JEDDAH-ABH.XML,2L1T,JED-NTH-ABH-03,8664,11_VERT_RMU_2L1T_01,JED-NTH-ABH-03-8664,1,
3,JEDDAH-ABH.XML,2L1T,JED-NTH-ABH-03,9406,11_VERT_RMU_2L1T_01,JED-NTH-ABH-03-9406,1,
4,JEDDAH-ABH.XML,2L1T,JED-NTH-ABH-03,16781,11_VERT_RMU_2L1T_01,JED-NTH-ABH-03-16781,1,
5,JEDDAH-ABH.XML,2L1T,JED-NTH-ABH-03,16782,11_VERT_RMU_2L1T_01,JED-NTH-ABH-03-16782,1,
6,JEDDAH-ABH.XML,2L1T,JED-NTH-ABH-03,17671,11_VERT_RMU_2L1T_01,JED-NTH-ABH-03-17671,1,
7,JEDDAH-ABH.XML,2L1T,JED-NTH-ABH-03,20134,11_VERT_RMU_2L1T_01,JED-NTH-ABH-03-20134,1,
8,JEDDAH-ABH.XML,2L1T,JED-NTH-ABH-03,22521,11_VERT_RMU_2L1T_01,JED-NTH-ABH-03-22521,1,
9,JEDDAH-ABH.XML,2L1T,JED-NTH-ABH-03,22522,11_VERT_RMU_2L1T_01,JED-NTH-ABH-03-22522,1,
10,JEDDAH-ABH.XML,3L1T,JED-NTH-ABH-03,22545,12_VERT_RMU_3L1T_02,JED-NTH-ABH-03-22545,1,
11,JEDDAH-ABH.XML,2L1T,JED-NTH-ABH-03,27163,11_VERT_RMU_2L1T_01,JED-NTH-ABH-03-27163,1,
12,JEDDAH-ABH.XML,2L1T,JED-NTH-ABH-03,29719,11_VERT_RMU_2L1T_01,JED-NTH-ABH-03-29719,1,
13,JEDDAH-ABH.XML,2L1T,JED-NTH-ABH-03,34002,11_VERT_RMU_2L1T_01,JED-NTH-ABH-03-34002,1,
14,JEDDAH-ABH.XML,2L1T,JED-NTH-ABH-03,34661,11_VERT_RMU_2L1T_01,JED-NTH-ABH-03-34661,1,
15,JEDDAH-ABH.XML,2L1T,JED-NTH-ABH-03,40597,11_VERT_RMU_2L1T_01,JED-NTH-ABH-03-40597,1,
16,JEDDAH-ABH.XML,2L1T,JED-NTH-ABH-03,43109,11_VERT_RMU_2L1T_01,JED-NTH-ABH-03-43109,1,
17,JEDDAH-ABH.XML,2L1T,JED-NTH-ABH-03,43443,11_VERT_RMU_2L1T_01,JED-NTH-ABH-03-43443,1,
18,JEDDAH-ABH.XML,2L1T,JED-NTH-ABH-03,44294,11_VERT_RMU_2L1T_01,JED-NTH-ABH-03-44294,1,
19,JEDDAH-ABH.XML,2L1T,JED-NTH-ABH-06,8723,11_VERT_RMU_2L1T_01,JED-NTH-ABH-06-8723,1,
20,JEDDAH-ABH.XML,3L1T,JED-NTH-ABH-06,17483,12_VERT_RMU_3L1T_02,JED-NTH-ABH-06-17483,1,
21,JEDDAH-ABH.XML,2L1T,JED-NTH-ABH-06,19017,11_VERT_RMU_2L1T_01,JED-NTH-ABH-06-19017,1,
22,JEDDAH-ABH.XML,2L1T,JED-NTH-ABH-06,19019,11_VERT_RMU_2L1T_01,JED-NTH-ABH-06-19019,1,
23,JEDDAH-ABH.XML,2L1T,JED-NTH-ABH-06,19020,11_VERT_RMU_2L1T_01,JED-NTH-ABH-06-19020,1,
24,JEDDAH-ABH.XML,2L1T,JED-NTH-ABH-06,20574,11_VERT_RMU_2L1T_01,JED-NTH-ABH-06-20574,1,
25,JEDDAH-ABH.XML,2L1T,JED-NTH-ABH-06,22333,11_VERT_RMU_2L1T_01,JED-NTH-ABH-06-22333,1,
26,JEDDAH-ABH.XML,2L1T,JED-NTH-ABH-06,25925,11_VERT_RMU_2L1T_01,JED-NTH-ABH-06-25925,1,
27,JEDDAH-ABH.XML,2L1T,JED-NTH-ABH-06,26746,11_VERT_RMU_2L1T_01,JED-NTH-ABH-06-26746,1,
28,JEDDAH-ABH.XML,2L1T,JED-NTH-ABH-06,34116,11_VERT_RMU_2L1T_01,JED-NTH-ABH-06-34116,1,
29,JEDDAH-ABH.XML,2L1T,JED-NTH-ABH-06,38111,11_VERT_RMU_2L1T_01,JED-NTH-ABH-06-38111,1,
30,JEDDAH-ABH.XML,2L1T,JED-NTH-ABH-06,38222,11_VERT_RMU_2L1T_01,JED-NTH-ABH-06-38222,1,
31,JEDDAH-ABH.XML,2L1T,JED-NTH-ABH-06,39786,11_VERT_RMU_2L1T_01,JED-NTH-ABH-06-39786,1,
32,JEDDAH-ABH.XML,2L1T,JED-NTH-ABH-06,39967,11_VERT_RMU_2L1T_01,JED-NTH-ABH-06-39967,1,
33,JEDDAH-ABH.XML,2L1T,JED-NTH-ABH-06,40227,11_VERT_RMU_2L1T_01,JED-NTH-ABH-06-40227,1,
34,JEDDAH-ABH.XML,2L1T,JED-NTH-ABH-06,40228,11_VERT_RMU_2L1T_01,JED-NTH-ABH-06-40228,1,
35,JEDDAH-ABH.XML,2L1T,JED-NTH-ABH-06,43124,11_VERT_RMU_2L1T_01,JED-NTH-ABH-06-43124,1,
36,JEDDAH-ABH.XML,2L1T,JED-NTH-ABH-07,21453,11_VERT_RMU_2L1T_01,JED-NTH-ABH-07-21453,2,同一逻辑环网柜出现2个图元
37,JEDDAH-ABH.XML,2L1T,JED-NTH-ABH-07,26370,11_VERT_RMU_2L1T_01,JED-NTH-ABH-07-26370,1,
38,JEDDAH-ABH.XML,2L1T,JED-NTH-ABH-07,26590,11_VERT_RMU_2L1T_01,JED-NTH-ABH-07-26590,1,
39,JEDDAH-ABH.XML,3L1T,JED-NTH-ABH-07,26727,12_VERT_RMU_3L1T_02,JED-NTH-ABH-07-26727,1,
40,JEDDAH-ABH.XML,2L1T,JED-NTH-ABH-07,26766,11_VERT_RMU_2L1T_01,JED-NTH-ABH-07-26766,1,
41,JEDDAH-ABH.XML,2L1T,JED-NTH-ABH-07,26877,11_VERT_RMU_2L1T_01,JED-NTH-ABH-07-26877,1,
42,JEDDAH-ABH.XML,2L1T,JED-NTH-ABH-07,27873,11_VERT_RMU_2L1T_01,JED-NTH-ABH-07-27873,1,
43,JEDDAH-ABH.XML,2L1T,JED-NTH-ABH-07,31760,11_VERT_RMU_2L1T_01,JED-NTH-ABH-07-31760,1,
44,JEDDAH-ABH.XML,2L1T,JED-NTH-ABH-07,33304,11_VERT_RMU_2L1T_01,JED-NTH-ABH-07-33304,1,
45,JEDDAH-ABH.XML,2L1T,JED-NTH-ABH-07,35194,11_VERT_RMU_2L1T_01,JED-NTH-ABH-07-35194,1,
46,JEDDAH-ABH.XML,2L1T,JED-NTH-ABH-07,35222,11_VERT_RMU_2L1T_01,JED-NTH-ABH-07-35222,1,
47,JEDDAH-ABH.XML,2L1T,JED-NTH-ABH-07,36105,11_VERT_RMU_2L1T_01,JED-NTH-ABH-07-36105,1,
48,JEDDAH-ABH.XML,2L1T,JED-NTH-ABH-07,36361,01_VERT_SRMU_2L1T_02,JED-NTH-ABH-07-36361,1,
49,JEDDAH-ABH.XML,2L1T,JED-NTH-ABH-07,38105,11_VERT_RMU_2L1T_01,JED-NTH-ABH-07-38105,1,
50,JEDDAH-ABH.XML,2L1T,JED-NTH-ABH-07,38230,11_VERT_RMU_2L1T_01,JED-NTH-ABH-07-38230,1,
51,JEDDAH-ABH.XML,2L1T,JED-NTH-ABH-07,38247,11_VERT_RMU_2L1T_01,JED-NTH-ABH-07-38247,1,
52,JEDDAH-ABH.XML,2L1T,JED-NTH-ABH-07,38492,11_VERT_RMU_2L1T_01,JED-NTH-ABH-07-38492,1,
53,JEDDAH-ABH.XML,2L1T,JED-NTH-ABH-07,39500,11_VERT_RMU_2L1T_01,JED-NTH-ABH-07-39500,1,
54,JEDDAH-ABH.XML,2L1T,JED-NTH-ABH-07,39531,11_VERT_RMU_2L1T_01,JED-NTH-ABH-07-39531,1,
55,JEDDAH-ABH.XML,2L1T,JED-NTH-ABH-07,42350,11_VERT_RMU_2L1T_01,JED-NTH-ABH-07-42350,1,
56,JEDDAH-ABH.XML,2L1T,JED-NTH-ABH-07,42548,11_VERT_RMU_2L1T_01,JED-NTH-ABH-07-42548,1,
57,JEDDAH-ABH.XML,2L1T,JED-NTH-ABH-07,43341,11_VERT_RMU_2L1T_01,JED-NTH-ABH-07-43341,1,
58,JEDDAH-ABH.XML,2L1T,JED-NTH-ABH-07,44812,11_VERT_RMU_2L1T_01,JED-NTH-ABH-07-44812,1,
59,JEDDAH-ABH.XML,3L1T,JED-NTH-ABH-08,10689,12_VERT_RMU_3L1T_02,JED-NTH-ABH-08-10689,1,
60,JEDDAH-ABH.XML,2L1T,JED-NTH-ABH-08,15134,11_VERT_RMU_2L1T_01,JED-NTH-ABH-08-15134,1,
61,JEDDAH-ABH.XML,2L1T,JED-NTH-ABH-08,17417,11_VERT_RMU_2L1T_01,JED-NTH-ABH-08-17417,1,
62,JEDDAH-ABH.XML,2L1T,JED-NTH-ABH-08,20843,11_VERT_RMU_2L1T_01,JED-NTH-ABH-08-20843,1,
63,JEDDAH-ABH.XML,2L1T,JED-NTH-ABH-08,25308,11_VERT_RMU_2L1T_01,JED-NTH-ABH-08-25308,1,
64,JEDDAH-ABH.XML,2L1T,JED-NTH-ABH-08,30424,11_VERT_RMU_2L1T_01,JED-NTH-ABH-08-30424,1,
65,JEDDAH-ABH.XML,2L1T,JED-NTH-ABH-08,31241,11_VERT_RMU_2L1T_01,JED-NTH-ABH-08-31241,1,
66,JEDDAH-ABH.XML,2L1T,JED-NTH-ABH-08,33493,11_VERT_RMU_2L1T_01,JED-NTH-ABH-08-33493,1,
67,JEDDAH-ABH.XML,2L1T,JED-NTH-ABH-11,13314,11_VERT_RMU_2L1T_01,JED-NTH-ABH-11-13314,1,
68,JEDDAH-ABH.XML,2L1T,JED-NTH-ABH-11,16151,11_VERT_RMU_2L1T_01,JED-NTH-ABH-11-16151,1,
69,JEDDAH-ABH.XML,3L1T,JED-NTH-ABH-11,21198,12_VERT_RMU_3L1T_02,JED-NTH-ABH-11-21198,1,
70,JEDDAH-ABH.XML,2L1T,JED-NTH-ABH-11,25683,11_VERT_RMU_2L1T_01,JED-NTH-ABH-11-25683,1,
71,JEDDAH-ABH.XML,2L1T,JED-NTH-ABH-11,32979,11_VERT_RMU_2L1T_01,JED-NTH-ABH-11-32979,1,
72,JEDDAH-ABH.XML,2L1T,JED-NTH-ABH-12,30815,11_RMU_2L1T_01,JED-NTH-ABH-12-30815,1,
73,JEDDAH-ABH.XML,2L1T,JED-NTH-ABH-12,30818,11_RMU_2L1T_01,JED-NTH-ABH-12-30818,1,
74,JEDDAH-ABH.XML,2L1T,JED-NTH-ABH-12,30821,11_RMU_2L1T_01,JED-NTH-ABH-12-30821,1,
75,JEDDAH-ABH.XML,2L1T,JED-NTH-ABH-12,30824,11_RMU_2L1T_01,JED-NTH-ABH-12-30824,1,
76,JEDDAH-ABH.XML,2L1T,JED-NTH-ABH-12,30827,11_VERT_RMU_2L1T_01,JED-NTH-ABH-12-30827,1,
77,JEDDAH-ABH.XML,2L1T,JED-NTH-ABH-12,30828,11_RMU_2L1T_01,JED-NTH-ABH-12-30828,1,
78,JEDDAH-ABH.XML,3L1T,JED-NTH-ABH-12,30831,12_VERT_RMU_3L1T_06,JED-NTH-ABH-12-30831,1,
79,JEDDAH-ABH.XML,2L1T,JED-NTH-ABH-12,30836,11_RMU_2L1T_01,JED-NTH-ABH-12-30836,1,
80,JEDDAH-ABH.XML,3L1T,JED-NTH-ABH-12,30840,12_VERT_RMU_3L1T_02,JED-NTH-ABH-12-30840,1,
81,JEDDAH-ABH.XML,2L1T,JED-NTH-ABH-12,30842,11_RMU_2L1T_01,JED-NTH-ABH-12-30842,1,
82,JEDDAH-ABH.XML,2L1T,JED-NTH-ABH-12,30844,11_RMU_2L1T_01,JED-NTH-ABH-12-30844,1,
83,JEDDAH-ABH.XML,3L1T,JED-NTH-ABH-12,30849,12_VERT_RMU_3L1T_02,JED-NTH-ABH-12-30849,1,
84,JEDDAH-ABH.XML,2L1T,JED-NTH-ABH-12,30851,11_RMU_2L1T_01,JED-NTH-ABH-12-30851,1,
85,JEDDAH-ABH.XML,2L1T,JED-NTH-ABH-12,30853,11_RMU_2L1T_01,JED-NTH-ABH-12-30853,1,
86,JEDDAH-ABH.XML,3L1T,JED-NTH-ABH-12,30857,12_VERT_RMU_3L1T_02,JED-NTH-ABH-12-30857,1,
87,JEDDAH-ABH.XML,2L1T,JED-NTH-ABH-12,30863,11_RMU_2L1T_01,JED-NTH-ABH-12-30863,1,
88,JEDDAH-ABH.XML,2L1T,JED-NTH-ABH-12,30867,11_RMU_2L1T_01,JED-NTH-ABH-12-30867,1,
89,JEDDAH-ABH.XML,2L1T,JED-NTH-ABH-12,30872,11_RMU_2L1T_01,JED-NTH-ABH-12-30872,1,
90,JEDDAH-ABH.XML,2L1T,JED-NTH-ABH-12,30874,11_RMU_2L1T_01,JED-NTH-ABH-12-30874,1,
91,JEDDAH-ABH.XML,2L1T,JED-NTH-ABH-12,30875,11_RMU_2L1T_01,JED-NTH-ABH-12-30875,1,
92,JEDDAH-ABH.XML,2L1T,JED-NTH-ABH-12,30877,11_RMU_2L1T_01,JED-NTH-ABH-12-30877,1,
93,JEDDAH-ABH.XML,2L1T,JED-NTH-ABH-12,30883,11_RMU_2L1T_01,JED-NTH-ABH-12-30883,1,
94,JEDDAH-ABH.XML,2L1T,JED-NTH-ABH-12,30886,11_RMU_2L1T_01,JED-NTH-ABH-12-30886,1,
95,JEDDAH-ABH.XML,2L1T,JED-NTH-ABH-12,30891,11_RMU_2L1T_01,JED-NTH-ABH-12-30891,1,
96,JEDDAH-ABH.XML,2L1T,JED-NTH-ABH-12,30895,11_RMU_2L1T_01,JED-NTH-ABH-12-30895,1,
97,JEDDAH-ABH.XML,2L1T,JED-NTH-ABH-12,30898,11_RMU_2L1T_01,JED-NTH-ABH-12-30898,1,
98,JEDDAH-ABH.XML,2L1T,JED-NTH-ABH-12,30901,11_RMU_2L1T_01,JED-NTH-ABH-12-30901,1,
99,JEDDAH-ABH.XML,2L1T,JED-NTH-ABH-12,30903,11_RMU_2L1T_01,JED-NTH-ABH-12-30903,1,
100,JEDDAH-ABH.XML,3L1T,JED-NTH-ABH-12,30904,12_VERT_RMU_3L1T_02,JED-NTH-ABH-12-30904,1,
101,JEDDAH-ABH.XML,2L1T,JED-NTH-ABH-12,30910,11_RMU_2L1T_01,JED-NTH-ABH-12-30910,1,
102,JEDDAH-ABH.XML,2L1T,JED-NTH-ABH-12,30913,11_RMU_2L1T_01,JED-NTH-ABH-12-30913,1,
103,JEDDAH-ABH.XML,3L,JED-NTH-ABH-12,43223,04_SRMU_3L_05,JED-NTH-ABH-12-43223,1,
104,JEDDAH-ABH.XML,2L1T,JED-NTH-ABH-13,30814,11_VERT_RMU_2L1T_01,JED-NTH-ABH-13-30814,1,
105,JEDDAH-ABH.XML,2L1T,JED-NTH-ABH-13,30817,11_VERT_RMU_2L1T_01,JED-NTH-ABH-13-30817,1,
106,JEDDAH-ABH.XML,3L1T,JED-NTH-ABH-13,30825,02_VERT_SRMU_3L1T_06,JED-NTH-ABH-13-30825,1,
107,JEDDAH-ABH.XML,2L1T,JED-NTH-ABH-13,30826,11_VERT_RMU_2L1T_01,JED-NTH-ABH-13-30826,1,
108,JEDDAH-ABH.XML,2L1T,JED-NTH-ABH-13,30829,11_VERT_RMU_2L1T_01,JED-NTH-ABH-13-30829,1,
109,JEDDAH-ABH.XML,2L1T,JED-NTH-ABH-13,30833,11_RMU_2L1T_01,JED-NTH-ABH-13-30833,1,
110,JEDDAH-ABH.XML,2L1T,JED-NTH-ABH-13,30839,11_VERT_RMU_2L1T_01,JED-NTH-ABH-13-30839,1,
111,JEDDAH-ABH.XML,2L1T,JED-NTH-ABH-13,30843,11_VERT_RMU_2L1T_01,JED-NTH-ABH-13-30843,1,
112,JEDDAH-ABH.XML,2L1T,JED-NTH-ABH-13,30852,11_VERT_RMU_2L1T_01,JED-NTH-ABH-13-30852,1,
113,JEDDAH-ABH.XML,2L1T,JED-NTH-ABH-13,30859,11_RMU_2L1T_01,JED-NTH-ABH-13-30859,1,
114,JEDDAH-ABH.XML,2L1T,JED-NTH-ABH-13,30864,11_RMU_2L1T_01,JED-NTH-ABH-13-30864,1,
115,JEDDAH-ABH.XML,2L1T,JED-NTH-ABH-13,30866,11_VERT_RMU_2L1T_01,JED-NTH-ABH-13-30866,1,
116,JEDDAH-ABH.XML,3L1T,JED-NTH-ABH-13,30873,12_VERT_RMU_3L1T_02,JED-NTH-ABH-13-30873,1,
117,JEDDAH-ABH.XML,2L1T,JED-NTH-ABH-13,30882,11_VERT_RMU_2L1T_01,JED-NTH-ABH-13-30882,1,
118,JEDDAH-ABH.XML,2L1T,JED-NTH-ABH-13,30885,11_VERT_RMU_2L1T_01,JED-NTH-ABH-13-30885,1,
119,JEDDAH-ABH.XML,2L1T,JED-NTH-ABH-13,30896,11_VERT_RMU_2L1T_01,JED-NTH-ABH-13-30896,1,
120,JEDDAH-ABH.XML,2L1T,JED-NTH-ABH-13,30902,11_VERT_RMU_2L1T_01,JED-NTH-ABH-13-30902,1,
121,JEDDAH-ABH.XML,2L1T,JED-NTH-ABH-13,30905,11_VERT_RMU_2L1T_01,JED-NTH-ABH-13-30905,1,
122,JEDDAH-ABH.XML,2L1T,JED-NTH-ABH-13,30911,11_VERT_RMU_2L1T_01,JED-NTH-ABH-13-30911,1,
123,JEDDAH-ABH.XML,2L1T,JED-NTH-ABH-13,30914,11_VERT_RMU_2L1T_01,JED-NTH-ABH-13-30914,1,
124,JEDDAH-ABH.XML,2L1T,JED-NTH-ABH-13,31475,11_VERT_RMU_2L1T_01,JED-NTH-ABH-13-31475,1,
125,JEDDAH-ABH.XML,2L1T,JED-NTH-ABH-13,40423,11_VERT_RMU_2L1T_01,JED-NTH-ABH-13-40423,1,
126,JEDDAH-ABH.XML,2L1T,JED-NTH-ABH-13,43451,11_VERT_RMU_2L1T_01,JED-NTH-ABH-13-43451,1,
127,JEDDAH-ABH.XML,2L1T,JED-NTH-ABH-14,29776,11_VERT_RMU_2L1T_01,JED-NTH-ABH-14-29776,1,
128,JEDDAH-ABH.XML,2L1T,JED-NTH-ABH-14,29796,11_VERT_RMU_2L1T_01,JED-NTH-ABH-14-29796,1,
129,JEDDAH-ABH.XML,2L1T,JED-NTH-ABH-14,29797,11_VERT_RMU_2L1T_01,JED-NTH-ABH-14-29797,1,
130,JEDDAH-ABH.XML,2L1T,JED-NTH-ABH-14,29798,11_VERT_RMU_2L1T_01,JED-NTH-ABH-14-29798,1,
131,JEDDAH-ABH.XML,2L1T,JED-NTH-ABH-14,29800,11_VERT_RMU_2L1T_01,JED-NTH-ABH-14-29800,1,
132,JEDDAH-ABH.XML,2L1T,JED-NTH-ABH-14,29801,11_VERT_RMU_2L1T_01,JED-NTH-ABH-14-29801,1,
133,JEDDAH-ABH.XML,2L1T,JED-NTH-ABH-14,29802,11_VERT_RMU_2L1T_01,JED-NTH-ABH-14-29802,1,
134,JEDDAH-ABH.XML,2L1T,JED-NTH-ABH-14,29863,11_VERT_RMU_2L1T_01,JED-NTH-ABH-14-29863,1,
135,JEDDAH-ABH.XML,2L1T,JED-NTH-ABH-14,32010,11_VERT_RMU_2L1T_01,JED-NTH-ABH-14-32010,1,
136,JEDDAH-ABH.XML,2L1T,JED-NTH-ABH-14,32545,11_VERT_RMU_2L1T_01,JED-NTH-ABH-14-32545,1,
137,JEDDAH-ABH.XML,2L1T,JED-NTH-ABH-14,33004,11_VERT_RMU_2L1T_01,JED-NTH-ABH-14-33004,1,
138,JEDDAH-ABH.XML,2L1T,JED-NTH-ABH-14,33015,11_VERT_RMU_2L1T_01,JED-NTH-ABH-14-33015,1,
139,JEDDAH-ABH.XML,2L1T,JED-NTH-ABH-14,33039,11_VERT_RMU_2L1T_01,JED-NTH-ABH-14-33039,1,
140,JEDDAH-ABH.XML,2L1T,JED-NTH-ABH-14,33139,11_VERT_RMU_2L1T_01,JED-NTH-ABH-14-33139,1,
141,JEDDAH-ABH.XML,2L1T,JED-NTH-ABH-14,33836,11_VERT_RMU_2L1T_01,JED-NTH-ABH-14-33836,1,
142,JEDDAH-ABH.XML,2L1T,JED-NTH-ABH-14,33888,11_VERT_RMU_2L1T_01,JED-NTH-ABH-14-33888,1,
143,JEDDAH-ABH.XML,2L1T,JED-NTH-ABH-14,36236,11_VERT_RMU_2L1T_01,JED-NTH-ABH-14-36236,1,
144,JEDDAH-ABH.XML,2L1T,JED-NTH-ABH-14,36813,11_VERT_RMU_2L1T_01,JED-NTH-ABH-14-36813,1,
145,JEDDAH-ABH.XML,2L1T,JED-NTH-ABH-14,38305,11_VERT_RMU_2L1T_01,JED-NTH-ABH-14-38305,1,
146,JEDDAH-ABH.XML,2L1T,JED-NTH-ABH-14,39364,11_VERT_RMU_2L1T_01,JED-NTH-ABH-14-39364,1,
147,JEDDAH-ABH.XML,2L1T,JED-NTH-ABH-14,39418,11_VERT_RMU_2L1T_01,JED-NTH-ABH-14-39418,1,
148,JEDDAH-ABH.XML,2L1T,JED-NTH-ABH-14,40182,11_VERT_RMU_2L1T_01,JED-NTH-ABH-14-40182,1,
149,JEDDAH-ABH.XML,2L1T,JED-NTH-ABH-14,41577,11_VERT_RMU_2L1T_01,JED-NTH-ABH-14-41577,1,
150,JEDDAH-ABH.XML,2L1T,JED-NTH-ABH-14,42445,11_VERT_RMU_2L1T_01,JED-NTH-ABH-14-42445,1,
151,JEDDAH-ABH.XML,2L1T,JED-NTH-ABH-15,17224,11_VERT_RMU_2L1T_01,JED-NTH-ABH-15-17224,1,
152,JEDDAH-ABH.XML,2L1T,JED-NTH-ABH-15,17225,11_VERT_RMU_2L1T_01,JED-NTH-ABH-15-17225,1,
153,JEDDAH-ABH.XML,2L1T,JED-NTH-ABH-15,17226,11_VERT_RMU_2L1T_01,JED-NTH-ABH-15-17226,1,
154,JEDDAH-ABH.XML,2L1T,JED-NTH-ABH-15,17228,11_VERT_RMU_2L1T_01,JED-NTH-ABH-15-17228,1,
155,JEDDAH-ABH.XML,2L1T,JED-NTH-ABH-15,17229,11_VERT_RMU_2L1T_01,JED-NTH-ABH-15-17229,1,
156,JEDDAH-ABH.XML,2L1T,JED-NTH-ABH-15,17230,11_VERT_RMU_2L1T_01,JED-NTH-ABH-15-17230,1,
157,JEDDAH-ABH.XML,2L1T,JED-NTH-ABH-15,17231,11_VERT_RMU_2L1T_01,JED-NTH-ABH-15-17231,1,
158,JEDDAH-ABH.XML,2L1T,JED-NTH-ABH-15,17232,11_VERT_RMU_2L1T_01,JED-NTH-ABH-15-17232,1,
159,JEDDAH-ABH.XML,2L1T,JED-NTH-ABH-15,17233,11_VERT_RMU_2L1T_01,JED-NTH-ABH-15-17233,1,
160,JEDDAH-ABH.XML,2L1T,JED-NTH-ABH-15,17234,11_VERT_RMU_2L1T_01,JED-NTH-ABH-15-17234,1,
161,JEDDAH-ABH.XML,2L1T,JED-NTH-ABH-15,17235,11_VERT_RMU_2L1T_01,JED-NTH-ABH-15-17235,1,
162,JEDDAH-ABH.XML,2L1T,JED-NTH-ABH-15,24704,11_VERT_RMU_2L1T_01,JED-NTH-ABH-15-24704,1,
163,JEDDAH-ABH.XML,3L1T,JED-NTH-ABH-15,24897,12_VERT_RMU_3L1T_06,JED-NTH-ABH-15-24897,1,
164,JEDDAH-ABH.XML,2L1T,JED-NTH-ABH-15,24898,11_VERT_RMU_2L1T_01,JED-NTH-ABH-15-24898,1,
165,JEDDAH-ABH.XML,2L1T,JED-NTH-ABH-15,25185,11_VERT_RMU_2L1T_01,JED-NTH-ABH-15-25185,1,
166,JEDDAH-ABH.XML,2L1T,JED-NTH-ABH-15,25257,11_VERT_RMU_2L1T_01,JED-NTH-ABH-15-25257,1,
167,JEDDAH-ABH.XML,2L1T,JED-NTH-ABH-15,25879,11_VERT_RMU_2L1T_01,JED-NTH-ABH-15-25879,1,
168,JEDDAH-ABH.XML,2L1T,JED-NTH-ABH-15,26557,11_VERT_RMU_2L1T_01,JED-NTH-ABH-15-26557,1,
169,JEDDAH-ABH.XML,2L1T,JED-NTH-ABH-15,26570,11_VERT_RMU_2L1T_01,JED-NTH-ABH-15-26570,1,
170,JEDDAH-ABH.XML,2L1T,JED-NTH-ABH-15,26833,11_VERT_RMU_2L1T_01,JED-NTH-ABH-15-26833,1,
171,JEDDAH-ABH.XML,2L1T,JED-NTH-ABH-15,31041,11_RMU_2L1T_01,JED-NTH-ABH-15-31041,1,
172,JEDDAH-ABH.XML,3L1T,JED-NTH-ABH-15,31105,12_VERT_RMU_3L1T_02,JED-NTH-ABH-15-31105,1,
173,JEDDAH-ABH.XML,2L1T,JED-NTH-ABH-15,31106,11_RMU_2L1T_01,JED-NTH-ABH-15-31106,1,
174,JEDDAH-ABH.XML,2L1T,JED-NTH-ABH-15,31107,11_RMU_2L1T_01,JED-NTH-ABH-15-31107,1,
175,JEDDAH-ABH.XML,2L1T,JED-NTH-ABH-15,31108,11_RMU_2L1T_01,JED-NTH-ABH-15-31108,1,
176,JEDDAH-ABH.XML,2L1T,JED-NTH-ABH-15,31109,11_RMU_2L1T_01,JED-NTH-ABH-15-31109,1,
177,JEDDAH-ABH.XML,2L1T,JED-NTH-ABH-15,31110,11_RMU_2L1T_01,JED-NTH-ABH-15-31110,1,
178,JEDDAH-ABH.XML,2L1T,JED-NTH-ABH-15,31111,11_RMU_2L1T_01,JED-NTH-ABH-15-31111,1,
179,JEDDAH-ABH.XML,2L1T,JED-NTH-ABH-15,31112,11_RMU_2L1T_01,JED-NTH-ABH-15-31112,1,
180,JEDDAH-ABH.XML,3L1T,JED-NTH-ABH-15,31113,12_VERT_RMU_3L1T_02,JED-NTH-ABH-15-31113,1,
181,JEDDAH-ABH.XML,3L1T,JED-NTH-ABH-15,31114,12_VERT_RMU_3L1T_02,JED-NTH-ABH-15-31114,1,
182,JEDDAH-ABH.XML,2L1T,JED-NTH-ABH-15,31115,11_RMU_2L1T_01,JED-NTH-ABH-15-31115,1,
183,JEDDAH-ABH.XML,2L1T,JED-NTH-ABH-15,31116,11_RMU_2L1T_01,JED-NTH-ABH-15-31116,1,
184,JEDDAH-ABH.XML,2L1T,JED-NTH-ABH-15,31117,11_RMU_2L1T_01,JED-NTH-ABH-15-31117,1,
185,JEDDAH-ABH.XML,2L1T,JED-NTH-ABH-15,31118,11_RMU_2L1T_01,JED-NTH-ABH-15-31118,1,
186,JEDDAH-ABH.XML,2L1T,JED-NTH-ABH-15,31119,11_RMU_2L1T_01,JED-NTH-ABH-15-31119,1,
187,JEDDAH-ABH.XML,2L1T,JED-NTH-ABH-15,31120,11_RMU_2L1T_01,JED-NTH-ABH-15-31120,1,
188,JEDDAH-ABH.XML,2L1T,JED-NTH-ABH-15,31121,11_RMU_2L1T_01,JED-NTH-ABH-15-31121,1,
189,JEDDAH-ABH.XML,3L1T,JED-NTH-ABH-15,31122,12_VERT_RMU_3L1T_02,JED-NTH-ABH-15-31122,1,
190,JEDDAH-ABH.XML,3L1T,JED-NTH-ABH-15,31123,12_VERT_RMU_3L1T_02,JED-NTH-ABH-15-31123,1,
191,JEDDAH-ABH.XML,2L1T,JED-NTH-ABH-15,31124,11_RMU_2L1T_01,JED-NTH-ABH-15-31124,1,
192,JEDDAH-ABH.XML,2L1T,JED-NTH-ABH-15,31125,11_RMU_2L1T_01,JED-NTH-ABH-15-31125,1,
193,JEDDAH-ABH.XML,2L1T,JED-NTH-ABH-15,31126,11_RMU_2L1T_01,JED-NTH-ABH-15-31126,1,
194,JEDDAH-ABH.XML,2L1T,JED-NTH-ABH-15,31127,11_RMU_2L1T_01,JED-NTH-ABH-15-31127,1,
195,JEDDAH-ABH.XML,2L1T,JED-NTH-ABH-15,31128,11_RMU_2L1T_01,JED-NTH-ABH-15-31128,1,
196,JEDDAH-ABH.XML,2L1T,JED-NTH-ABH-15,31129,11_RMU_2L1T_01,JED-NTH-ABH-15-31129,1,
197,JEDDAH-ABH.XML,2L1T,JED-NTH-ABH-15,31130,11_RMU_2L1T_01,JED-NTH-ABH-15-31130,1,
198,JEDDAH-ABH.XML,2L1T,JED-NTH-ABH-15,31131,11_RMU_2L1T_01,JED-NTH-ABH-15-31131,1,
199,JEDDAH-ABH.XML,2L1T,JED-NTH-ABH-15,31132,11_RMU_2L1T_01,JED-NTH-ABH-15-31132,1,
200,JEDDAH-ABH.XML,2L1T,JED-NTH-ABH-15,31133,11_RMU_2L1T_01,JED-NTH-ABH-15-31133,1,
201,JEDDAH-ABH.XML,3L1T,JED-NTH-ABH-15,31139,12_VERT_RMU_3L1T_02,JED-NTH-ABH-15-31139,1,
202,JEDDAH-ABH.XML,2L1T,JED-NTH-ABH-15,31140,11_RMU_2L1T_01,JED-NTH-ABH-15-31140,1,
203,JEDDAH-ABH.XML,2L1T,JED-NTH-ABH-15,35161,11_VERT_RMU_2L1T_01,JED-NTH-ABH-15-35161,1,
204,JEDDAH-ABH.XML,2L1T,JED-NTH-ABH-15,39083,11_VERT_RMU_2L1T_01,JED-NTH-ABH-15-39083,1,
205,JEDDAH-ABH.XML,3L1T,JED-NTH-ABH-15,39084,12_VERT_RMU_3L1T_06,JED-NTH-ABH-15-39084,1,
206,JEDDAH-ABH.XML,3L,JED-NTH-ABH-15,39085,04_SRMU_3L_05,JED-NTH-ABH-15-39085,1,
207,JEDDAH-ABH.XML,2L1T,JED-NTH-ABH-15,39086,11_VERT_RMU_2L1T_01,JED-NTH-ABH-15-39086,1,
208,JEDDAH-ABH.XML,2L1T,JED-NTH-ABH-15,39087,11_VERT_RMU_2L1T_01,JED-NTH-ABH-15-39087,1,
209,JEDDAH-ABH.XML,2L1T,JED-NTH-ABH-15,39088,11_VERT_RMU_2L1T_01,JED-NTH-ABH-15-39088,1,
210,JEDDAH-ABH.XML,2L1T,JED-NTH-ABH-15,39089,11_VERT_RMU_2L1T_01,JED-NTH-ABH-15-39089,1,
211,JEDDAH-ABH.XML,2L1T,JED-NTH-ABH-15,39090,11_VERT_RMU_2L1T_01,JED-NTH-ABH-15-39090,1,
212,JEDDAH-ABH.XML,2L1T,JED-NTH-ABH-15,39091,11_VERT_RMU_2L1T_01,JED-NTH-ABH-15-39091,1,
213,JEDDAH-ABH.XML,2L1T,JED-NTH-ABH-15,39092,11_VERT_RMU_2L1T_01,JED-NTH-ABH-15-39092,1,
214,JEDDAH-ABH.XML,2L1T,JED-NTH-ABH-15,39093,11_VERT_RMU_2L1T_01,JED-NTH-ABH-15-39093,1,
215,JEDDAH-ABH.XML,2L1T,JED-NTH-ABH-20,17756,11_VERT_RMU_2L1T_01,JED-NTH-ABH-20-17756,1,
216,JEDDAH-ABH.XML,2L1T,JED-NTH-ABH-20,18944,11_VERT_RMU_2L1T_01,JED-NTH-ABH-20-18944,1,
217,JEDDAH-ABH.XML,2L1T,JED-NTH-ABH-20,24521,11_VERT_RMU_2L1T_01,JED-NTH-ABH-20-24521,1,
218,JEDDAH-ABH.XML,2L1T,JED-NTH-ABH-20,30332,11_VERT_RMU_2L1T_01,JED-NTH-ABH-20-30332,1,
219,JEDDAH-ABH.XML,2L1T,JED-NTH-ABH-20,31714,11_VERT_RMU_2L1T_01,JED-NTH-ABH-20-31714,1,
220,JEDDAH-ABH.XML,2L1T,JED-NTH-ABH-20,34716,11_VERT_RMU_2L1T_01,JED-NTH-ABH-20-34716,1,
221,JEDDAH-ABH.XML,2L1T,JED-NTH-ABH-20,35551,11_VERT_RMU_2L1T_01,JED-NTH-ABH-20-35551,1,
222,JEDDAH-ABH.XML,2L1T,JED-NTH-ABH-20,36644,11_VERT_RMU_2L1T_01,JED-NTH-ABH-20-36644,1,
223,JEDDAH-ABH.XML,2L1T,JED-NTH-ABH-20,36645,11_VERT_RMU_2L1T_01,JED-NTH-ABH-20-36645,1,
224,JEDDAH-ABH.XML,2L1T,JED-NTH-ABH-20,37038,11_VERT_RMU_2L1T_01,JED-NTH-ABH-20-37038,1,
225,JEDDAH-ABH.XML,2L1T,JED-NTH-ABH-20,38692,11_VERT_RMU_2L1T_01,JED-NTH-ABH-20-38692,1,
226,JEDDAH-ABH.XML,2L1T,JED-NTH-ABH-20,39503,11_VERT_RMU_2L1T_01,JED-NTH-ABH-20-39503,1,
227,JEDDAH-ABH.XML,2L1T,JED-NTH-ABH-20,40129,11_VERT_RMU_2L1T_01,JED-NTH-ABH-20-40129,1,
228,JEDDAH-ABH.XML,2L1T,JED-NTH-ABH-20,40130,11_VERT_RMU_2L1T_01,JED-NTH-ABH-20-40130,1,
229,JEDDAH-ABH.XML,2L1T,JED-NTH-ABH-21,22655,11_VERT_RMU_2L1T_01,JED-NTH-ABH-21-22655,1,
230,JEDDAH-ABH.XML,2L1T,JED-NTH-ABH-21,26352,11_VERT_RMU_2L1T_01,JED-NTH-ABH-21-26352,1,
231,JEDDAH-ABH.XML,2L1T,JED-NTH-ABH-21,27545,11_VERT_RMU_2L1T_01,JED-NTH-ABH-21-27545,1,
232,JEDDAH-ABH.XML,2L1T,JED-NTH-ABH-21,27546,11_VERT_RMU_2L1T_01,JED-NTH-ABH-21-27546,1,
233,JEDDAH-ABH.XML,2L1T,JED-NTH-ABH-21,27548,11_VERT_RMU_2L1T_01_1,JED-NTH-ABH-21-27548,1,
234,JEDDAH-ABH.XML,2L1T,JED-NTH-ABH-21,27788,11_VERT_RMU_2L1T_01,JED-NTH-ABH-21-27788,1,
235,JEDDAH-ABH.XML,2L1T,JED-NTH-ABH-21,28058,11_VERT_RMU_2L1T_01,JED-NTH-ABH-21-28058,1,
236,JEDDAH-ABH.XML,2L1T,JED-NTH-ABH-21,32937,11_VERT_RMU_2L1T_01,JED-NTH-ABH-21-32937,1,
237,JEDDAH-ABH.XML,2L1T,JED-NTH-ABH-21,33165,11_VERT_RMU_2L1T_01,JED-NTH-ABH-21-33165,1,
238,JEDDAH-ABH.XML,2L1T,JED-NTH-ABH-21,34088,11_VERT_RMU_2L1T_01,JED-NTH-ABH-21-34088,1,
239,JEDDAH-ABH.XML,2L1T,JED-NTH-ABH-21,36250,11_VERT_RMU_2L1T_01,JED-NTH-ABH-21-36250,1,
240,JEDDAH-ABH.XML,2L1T,JED-NTH-ABH-21,36372,11_VERT_RMU_2L1T_01,JED-NTH-ABH-21-36372,1,
241,JEDDAH-ABH.XML,2L1T,JED-NTH-ABH-21,37193,11_VERT_RMU_2L1T_01,JED-NTH-ABH-21-37193,1,
242,JEDDAH-ABH.XML,2L1T,JED-NTH-ABH-21,39389,11_VERT_RMU_2L1T_01_1,JED-NTH-ABH-21-39389,1,
243,JEDDAH-ABH.XML,2L1T,JED-NTH-ABH-21,39891,11_VERT_RMU_2L1T_01,JED-NTH-ABH-21-39891,1,
244,JEDDAH-ABH.XML,2L1T,JED-NTH-ABH-21,40170,11_VERT_RMU_2L1T_01,JED-NTH-ABH-21-40170,1,
245,JEDDAH-ABH.XML,2L1T,JED-NTH-ABH-21,42767,11_VERT_RMU_2L1T_01,JED-NTH-ABH-21-42767,1,
246,JEDDAH-ABH.XML,2L1T,JED-NTH-ABH-21,42768,11_VERT_RMU_2L1T_01,JED-NTH-ABH-21-42768,1,
247,JEDDAH-ABH.XML,2L1T,JED-NTH-ABH-21,42950,11_VERT_RMU_2L1T_01,JED-NTH-ABH-21-42950,1,
248,JEDDAH-ABH.XML,3L1T,JED-NTH-ABH-22,33345,12_VERT_RMU_3L1T_01,JED-NTH-ABH-22-33345,1,
249,JEDDAH-ABH.XML,2L1T,JED-NTH-ABH-22,33347,11_VERT_RMU_2L1T_01,JED-NTH-ABH-22-33347,1,
250,JEDDAH-ABH.XML,2L1T,JED-NTH-ABH-22,33348,11_VERT_RMU_2L1T_01,JED-NTH-ABH-22-33348,1,
251,JEDDAH-ABH.XML,2L1T,JED-NTH-ABH-22,33349,11_VERT_RMU_2L1T_01,JED-NTH-ABH-22-33349,1,
252,JEDDAH-ABH.XML,2L1T,JED-NTH-ABH-22,33361,11_VERT_RMU_2L1T_01,JED-NTH-ABH-22-33361,1,
253,JEDDAH-ABH.XML,2L1T,JED-NTH-ABH-22,33365,11_VERT_RMU_2L1T_01,JED-NTH-ABH-22-33365,1,
254,JEDDAH-ABH.XML,2L1T,JED-NTH-ABH-22,33368,11_VERT_RMU_2L1T_01,JED-NTH-ABH-22-33368,1,
255,JEDDAH-ABH.XML,2L1T,JED-NTH-ABH-22,33369,11_VERT_RMU_2L1T_01,JED-NTH-ABH-22-33369,1,
256,JEDDAH-ABH.XML,2L1T,JED-NTH-ABH-22,33371,11_VERT_RMU_2L1T_01,JED-NTH-ABH-22-33371,1,
257,JEDDAH-ABH.XML,2L1T,JED-NTH-ABH-22,33372,11_VERT_RMU_2L1T_01,JED-NTH-ABH-22-33372,1,
258,JEDDAH-ABH.XML,2L1T,JED-NTH-ABH-22,33374,11_VERT_RMU_2L1T_01,JED-NTH-ABH-22-33374,1,
259,JEDDAH-ABH.XML,2L1T,JED-NTH-ABH-23,33340,11_VERT_RMU_2L1T_01,JED-NTH-ABH-23-33340,1,
260,JEDDAH-ABH.XML,2L1T,JED-NTH-ABH-23,33341,11_VERT_RMU_2L1T_01,JED-NTH-ABH-23-33341,1,
261,JEDDAH-ABH.XML,2L1T,JED-NTH-ABH-23,33342,11_VERT_RMU_2L1T_01,JED-NTH-ABH-23-33342,1,
262,JEDDAH-ABH.XML,2L1T,JED-NTH-ABH-23,33344,11_VERT_RMU_2L1T_01,JED-NTH-ABH-23-33344,1,
263,JEDDAH-ABH.XML,2L1T,JED-NTH-ABH-23,33375,11_VERT_RMU_2L1T_01,JED-NTH-ABH-23-33375,1,
264,JEDDAH-ABH.XML,3L1T,JED-NTH-ABH-23,33388,12_VERT_RMU_3L1T_04,JED-NTH-ABH-23-33388,1,
265,JEDDAH-ABH.XML,2L1T,JED-NTH-ABH-23,33395,11_VERT_RMU_2L1T_01,JED-NTH-ABH-23-33395,1,
266,JEDDAH-ABH.XML,2L1T,JED-NTH-ABH-23,33403,11_VERT_RMU_2L1T_01,JED-NTH-ABH-23-33403,1,
267,JEDDAH-ABH.XML,2L1T,JED-NTH-ABH-23,33409,11_VERT_RMU_2L1T_01,JED-NTH-ABH-23-33409,1,
268,JEDDAH-ABH.XML,2L1T,JED-NTH-ABH-23,33411,11_VERT_RMU_2L1T_01,JED-NTH-ABH-23-33411,1,
269,JEDDAH-ABH.XML,2L1T,JED-NTH-ABH-23,33413,11_VERT_RMU_2L1T_01,JED-NTH-ABH-23-33413,1,
270,JEDDAH-ABH.XML,2L1T,JED-NTH-ABH-23,33414,11_VERT_RMU_2L1T_01,JED-NTH-ABH-23-33414,1,
271,JEDDAH-ABH.XML,2L1T,JED-NTH-ABH-23,33415,11_VERT_RMU_2L1T_02,JED-NTH-ABH-23-33415,1,
272,JEDDAH-ABH.XML,2L1T,JED-NTH-ABH-23,33416,11_VERT_RMU_2L1T_01,JED-NTH-ABH-23-33416,1,
273,JEDDAH-ABH.XML,2L1T,JED-NTH-ABH-23,33417,11_VERT_RMU_2L1T_01,JED-NTH-ABH-23-33417,1,
274,JEDDAH-ABH.XML,2L1T,JED-NTH-ABH-23,33418,11_VERT_RMU_2L1T_01,JED-NTH-ABH-23-33418,1,
275,JEDDAH-ABH.XML,2L1T,JED-NTH-ABH-23,33420,11_VERT_RMU_2L1T_01,JED-NTH-ABH-23-33420,1,
276,JEDDAH-ABH.XML,2L1T,JED-NTH-ABH-23,33429,11_VERT_RMU_2L1T_01,JED-NTH-ABH-23-33429,1,
277,JEDDAH-ABH.XML,2L1T,JED-NTH-ABH-23,33430,11_VERT_RMU_2L1T_01,JED-NTH-ABH-23-33430,1,
278,JEDDAH-ABH.XML,2L1T,JED-NTH-ABH-23,33431,11_VERT_RMU_2L1T_01,JED-NTH-ABH-23-33431,1,
279,JEDDAH-ABH.XML,2L1T,JED-NTH-ABH-23,33433,11_VERT_RMU_2L1T_01,JED-NTH-ABH-23-33433,1,
280,JEDDAH-ABH.XML,2L1T,JED-NTH-ABH-23,33434,11_VERT_RMU_2L1T_01,JED-NTH-ABH-23-33434,1,
281,JEDDAH-ABH.XML,2L1T,JED-NTH-ABN2-8,33372,01_VERT_SRMU_2L1T_01,JED-NTH-ABN2-8-33372,1,
282,JEDDAH-ABH.XML,3L1T,JED-NTH-ABN2-18,33346,02_VERT_SRMU_3L1T_04,JED-NTH-ABN2-18-33346,1,
283,JEDDAH-ABH.XML,2L1T,JED-NTH-ABN2-18,33350,01_VERT_SRMU_2L1T_02,JED-NTH-ABN2-18-33350,1,
284,JEDDAH-ABH.XML,3L1T,JED-NTH-ABN2-18,33364,02_VERT_SRMU_3L1T_02,JED-NTH-ABN2-18-33364,1,
285,JEDDAH-ABH.XML,2L1T,JED-NTH-ABN2-18,33367,01_VERT_SRMU_2L1T_01,JED-NTH-ABN2-18-33367,1,
286,JEDDAH-ABH.XML,2L1T,JED-NTH-ABN2-18,33370,01_VERT_SRMU_2L1T_01,JED-NTH-ABN2-18-33370,1,
287,JEDDAH-ABH.XML,3L1T,JED-NTH-ABN2-18,33410,02_VERT_SRMU_3L1T_04,JED-NTH-ABN2-18-33410,1,
288,JEDDAH-ABH.XML,2L1T,JED-NTH-ABN2-18,33432,01_VERT_SRMU_2L1T_02,JED-NTH-ABN2-18-33432,1,
289,JEDDAH-ABH.XML,2L1T,JED-NTH-ABN-29,15953,01_VERT_SRMU_2L1T_01,JED-NTH-ABN-29-15953,1,
290,JEDDAH-ABH.XML,2L1T,JED-NTH-ABN-29,16934,01_VERT_SRMU_2L1T_02,JED-NTH-ABN-29-16934,1,
291,JEDDAH-ABH.XML,2L1T,JED-NTH-ABN-29,19670,01_VERT_SRMU_2L1T_02,JED-NTH-ABN-29-19670,1,
292,JEDDAH-ABH.XML,2L1T,JED-NTH-ABN-29,22840,01_VERT_SRMU_2L1T_02,JED-NTH-ABN-29-22840,1,
293,JEDDAH-ABH.XML,2L1T,JED-NTH-ABN-29,26600,01_VERT_SRMU_2L1T_01,JED-NTH-ABN-29-26600,1,
294,JEDDAH-ABH.XML,2L1T,JED-NTH-ABN-29,26772,01_VERT_SRMU_2L1T_02,JED-NTH-ABN-29-26772,1,
295,JEDDAH-ABH.XML,2L1T,JED-NTH-ABN-29,39466,01_VERT_SRMU_2L1T_01,JED-NTH-ABN-29-39466,1,
296,JEDDAH-ABH.XML,2L1T,JED-NTH-ABN-29,40111,01_VERT_SRMU_2L1T_01,JED-NTH-ABN-29-40111,1,
297,JEDDAH-ABH.XML,3L1T,JED-NTH-FRDS-10,26337,02_VERT_SRMU_3L1T_05,JED-NTH-FRDS-10-26337,1,
298,JEDDAH-ABH.XML,3L1T,JED-NTH-FRDS-44,25178,02_VERT_SRMU_3L1T_06,JED-NTH-FRDS-44-25178,1,
299,JEDDAH-ABH.XML,3L1T,JED-NTH-FRDS-44,29471,02_VERT_SRMU_3L1T_01,JED-NTH-FRDS-44-29471,1,
300,JEDDAH-ABH.XML,2L1T,JED-NTH-FRDS-44,29799,01_VERT_SRMU_2L1T_01,JED-NTH-FRDS-44-29799,1,
301,JEDDAH-ABH.XML,2L1T,JED-NTH-FRDS-44,33284,01_VERT_SRMU_2L1T_01,JED-NTH-FRDS-44-33284,1,
302,JEDDAH-ABH.XML,2L1T,JED-NTH-FRDS-44,34802,01_VERT_SRMU_2L1T_02,JED-NTH-FRDS-44-34802,1,
303,JEDDAH-ABH.XML,2L1T,JED-NTH-FRDS-44,43269,01_VERT_SRMU_2L1T_01,JED-NTH-FRDS-44-43269,1,
304,JEDDAH-ABH.XML,2L1T,JED-NTH-FRDS-48,24481,01_VERT_SRMU_2L1T_02,JED-NTH-FRDS-48-24481,1,
305,JEDDAH-ABH.XML,3L1T,JED-NTH-FRDS-48,26371,02_SRMU_3L1T_01,JED-NTH-FRDS-48-26371,1,
306,JEDDAH-ABH.XML,2L1T,JED-NTH-FRDS-48,26802,01_VERT_SRMU_2L1T_02,JED-NTH-FRDS-48-26802,1,
307,JEDDAH-ABH.XML,2L1T,JED-NTH-FRDS-48,37036,01_VERT_SRMU_2L1T_02,JED-NTH-FRDS-48-37036,1,
308,JEDDAH-ABH.XML,2L1T,JED-NTH-FRDS-48,38456,01_VERT_SRMU_2L1T_01,JED-NTH-FRDS-48-38456,1,
309,JEDDAH-ABH.XML,2L1T,JED-NTH-FRDS-48,40467,01_VERT_SRMU_2L1T_01,JED-NTH-FRDS-48-40467,1,
310,JEDDAH-ABH.XML,2L1T,JED-NTH-FRSH-37,30812,01_SRMU_2L1T_02,JED-NTH-FRSH-37-30812,1,
311,JEDDAH-ABH.XML,2L1T,JED-NTH-FRSH-37,30830,01_SRMU_2L1T_01,JED-NTH-FRSH-37-30830,1,
312,JEDDAH-ABH.XML,2L1T,JED-NTH-FRSH-37,30834,01_SRMU_2L1T_02,JED-NTH-FRSH-37-30834,1,
313,JEDDAH-ABH.XML,3L1T,JED-NTH-FRSH-37,30869,02_VERT_SRMU_3L1T_05,JED-NTH-FRSH-37-30869,1,
314,JEDDAH-ABH.XML,3L1T,JED-NTH-FRSH-37,30881,02_SRMU_3L1T_01,JED-NTH-FRSH-37-30881,1,
315,JEDDAH-ABH.XML,3L1T,JED-NTH-FRSH-37,30907,02_VERT_SRMU_3L1T_03,JED-NTH-FRSH-37-30907,1,
316,JEDDAH-ABH.XML,2L1T,JED-NTH-FRSH-39,28920,01_VERT_SRMU_2L1T_02,JEDDAH_SRMU5#JED-NTH-FRSH-39-28920,1,
317,JEDDAH-ABH.XML,2L1T,JED-NTH-HHR2-44,33198,01_VERT_SRMU_2L1T_01,JED-NTH-HHR2-44-33198,1,
318,JEDDAH-ABH.XML,2L1T,JED-NTH-HHR2-44,40461,01_VERT_SRMU_2L1T_02,JED-NTH-HHR2-44-40461,1,
319,JEDDAH-ABH.XML,2L1T,JED-NTH-HHR2-44,40490,01_VERT_SRMU_2L1T_01,JED-NTH-HHR2-44-40490,1,
320,JEDDAH-ABH.XML,3L1T,JED-NTH-HHR2-45,18585,02_VERT_SRMU_3L1T_03,JED-NTH-HHR2-45-18585,1,
321,JEDDAH-ABH.XML,2L1T,JED-NTH-HHR2-45,29905_,01_VERT_SRMU_2L1T_01,JEDDAH_SRMU2#JED-NTH-HHR2-45-29905_,1,
322,JEDDAH-ABH.XML,2L1T,JED-NTH-HHR2-45,36643_,01_VERT_SRMU_2L1T_01,JEDDAH_SRMU3#JED-NTH-HHR2-45-36643_,1,
323,JEDDAH-ABH.XML,2L1T,JED-NTH-HHR2-45,40123_,01_VERT_SRMU_2L1T_01,JEDDAH_SRMU3#JED-NTH-HHR2-45-40123_,1,
324,JEDDAH-ABH.XML,2L1T,JED-NTH-HHR2-48A,17223,01_VERT_SRMU_2L1T_01,JED-NTH-HHR2-48A-17223,1,
325,JEDDAH-ABH.XML,2L1T,JED-NTH-JEC-43,33343,01_VERT_SRMU_2L1T_01,JED-NTH-JEC-43-33343,1,
326,JEDDAH-ABH.XML,2L1T,JED-NTH-JEC-43,33390,01_VERT_SRMU_2L1T_02,JED-NTH-JEC-43-33390,1,
327,JEDDAH-ABH.XML,2L1T,JED-NTH-JEC-43,33402,01_VERT_SRMU_2L1T_02,JED-NTH-JEC-43-33402,1,
328,JEDDAH-ABH.XML,3L1T,JED-NTH-JEC-43,33404,02_VERT_SRMU_3L1T_01,JED-NTH-JEC-43-33404,1,
329,JEDDAH-ABH.XML,3L1T,JED-NTH-JEC-43,33412,02_VERT_SRMU_3L1T_04,JED-NTH-JEC-43-33412,1,
330,JEDDAH-ABH.XML,2L1T,JED-NTH-JEC-43,33419,01_VERT_SRMU_2L1T_01,JED-NTH-JEC-43-33419,1,
331,JEDDAH-ABH.XML,3L1T,JED-NTH-JEC-43,33421,02_VERT_SRMU_3L1T_01,JED-NTH-JEC-43-33421,1,
332,JEDDAH-ABH.XML,2L1T,JED-NTH-JUAS-23,22472,01_VERT_SRMU_2L1T_01,JED-NTH-JUAS-23-22472,1,
333,JEDDAH-ABH.XML,2L1T,JED-NTH-JUAS-23,27547,01_VERT_SRMU_2L1T_01,JED-NTH-JUAS-23-27547,1,
334,JEDDAH-ABH.XML,2L2T,JED-NTH-JUAS-23,32919,03_VERT_SRMU_2L2T_02,JED-NTH-JUAS-23-32919,1,
335,JEDDAH-ABH.XML,2L1T,JED-NTH-JUAS-23,35150,01_VERT_SRMU_2L1T_02,JED-NTH-JUAS-23-35150,1,
336,JEDDAH-ABH.XML,2L1T,JED-NTH-JUAS-23,36352,01_VERT_SRMU_2L1T_02,JED-NTH-JUAS-23-36352,1,
337,JEDDAH-ABH.XML,2L1T,JED-NTH-JUAS-23,38112,01_VERT_SRMU_2L1T_02,JED-NTH-JUAS-23-38112,1,
338,JEDDAH-ABH.XML,3L1T,JED-NTH-MDNAS-12,33862,02_VERT_SRMU_3L1T_05,JED-NTH-MDNAS-12-33862,1,
339,JEDDAH-ABH.XML,2L1T,JED-NTH-MDNAS-45,24674,01_VERT_SRMU_2L1T_01,JED-NTH-MDNAS-45-24674,1,
340,JEDDAH-ABH.XML,2L1T,JED-NTH-MDNAS-45,24675,01_VERT_SRMU_2L1T_01,JED-NTH-MDNAS-45-24675,1,
